MajorText,MinorText,BoroughName,2015,2016,2017,2018,2019,2020,2021,2022,2023,2024,2025
ARSON AND CRIMINAL DAMAGE,ARSON,Barking and Dagenham,78,72,78,58,67,46,64,50,38,70,15
ARSON AND CRIMINAL DAMAGE,CRIMINAL DAMAGE,Barking and Dagenham,1664,1803,1631,1368,1409,1242,1360,1381,1105,1304,189
BURGLARY,BURGLARY BUSINESS AND COMMUNITY,Barking and Dagenham,446,451,353,380,360,270,259,267,286,318,29
BURGLARY,BURGLARY IN A DWELLING,Barking and Dagenham,1184,837,1221,1287,1176,909,904,833,618,114,0
DRUG OFFENCES,POSSESSION OF DRUGS,Barking and Dagenham,891,861,681,804,990,1432,1349,1268,823,726,128
DRUG OFFENCES,TRAFFICKING OF DRUGS,Barking and Dagenham,55,76,60,76,75,123,113,145,238,412,69
FRAUD AND FORGERY,FRAUD AND FORGERY,Barking and Dagenham,0,0,0,0,0,0,0,0,0,4,0
MISCELLANEOUS CRIMES AGAINST SOCIETY,MISC CRIMES AGAINST SOCIETY,Barking and Dagenham,259,249,250,263,282,329,314,320,226,287,41
POSSESSION OF WEAPONS,POSSESSION OF WEAPONS,Barking and Dagenham,92,155,162,198,156,192,161,157,169,108,16
PUBLIC ORDER OFFENCES,OTHER OFFENCES PUBLIC ORDER,Barking and Dagenham,165,157,149,141,140,183,147,151,113,187,22
PUBLIC ORDER OFFENCES,PUBLIC FEAR ALARM OR DISTRESS,Barking and Dagenham,576,549,660,626,730,712,852,835,827,797,90
PUBLIC ORDER OFFENCES,RACE OR RELIGIOUS AGG PUBLIC FEAR,Barking and Dagenham,169,188,185,166,240,228,255,257,248,284,30
PUBLIC ORDER OFFENCES,VIOLENT DISORDER,Barking and Dagenham,3,4,5,3,2,3,3,1,2,3,0
ROBBERY,ROBBERY OF BUSINESS PROPERTY,Barking and Dagenham,44,48,50,57,65,54,44,52,84,140,26
ROBBERY,ROBBERY OF PERSONAL PROPERTY,Barking and Dagenham,509,487,812,761,974,657,502,543,639,712,104
SEXUAL OFFENCES,OTHER SEXUAL OFFENCES,Barking and Dagenham,257,242,253,278,299,292,327,373,295,384,53
SEXUAL OFFENCES,RAPE,Barking and Dagenham,149,174,190,184,222,178,187,252,195,280,45
THEFT,BICYCLE THEFT,Barking and Dagenham,237,187,247,201,183,183,175,159,106,98,7
THEFT,OTHER THEFT,Barking and Dagenham,1940,1966,2008,1825,2001,1623,1745,2149,1901,1795,245
THEFT,SHOPLIFTING,Barking and Dagenham,832,905,899,781,783,769,724,740,1114,1595,204
THEFT,THEFT FROM THE PERSON,Barking and Dagenham,294,340,408,446,598,452,440,454,522,762,121
VEHICLE OFFENCES,AGGRAVATED VEHICLE TAKING,Barking and Dagenham,36,35,35,40,39,33,19,19,21,16,3
VEHICLE OFFENCES,INTERFERING WITH A MOTOR VEHICLE,Barking and Dagenham,189,278,301,237,283,260,238,296,230,262,31
VEHICLE OFFENCES,THEFT FROM A VEHICLE,Barking and Dagenham,947,1046,1270,1071,1233,1009,896,1125,980,987,135
VEHICLE OFFENCES,THEFT OR UNAUTH TAKING OF A MOTOR VEH,Barking and Dagenham,695,878,1148,1224,1159,951,1171,1349,903,1054,176
VIOLENCE AGAINST THE PERSON,HOMICIDE,Barking and Dagenham,5,8,10,6,1,2,1,6,1,3,0
VIOLENCE AGAINST THE PERSON,VIOLENCE WITH INJURY,Barking and Dagenham,2096,2093,2134,2066,2129,1889,1908,1938,1847,1900,256
VIOLENCE AGAINST THE PERSON,VIOLENCE WITHOUT INJURY,Barking and Dagenham,2957,3158,3136,3430,3820,4146,4498,4639,4090,4978,757
ARSON AND CRIMINAL DAMAGE,ARSON,Barnet,59,54,58,56,41,53,59,65,62,60,10
ARSON AND CRIMINAL DAMAGE,CRIMINAL DAMAGE,Barnet,2122,2063,1990,1839,2037,1810,1721,1739,1506,1797,266
BURGLARY,BURGLARY BUSINESS AND COMMUNITY,Barnet,1156,1034,754,776,676,553,479,662,530,592,94
BURGLARY,BURGLARY IN A DWELLING,Barnet,2697,2371,2797,2904,2952,2216,1860,1857,1438,299,0
DRUG OFFENCES,POSSESSION OF DRUGS,Barnet,730,808,650,601,747,1023,922,689,461,463,83
DRUG OFFENCES,TRAFFICKING OF DRUGS,Barnet,78,118,118,102,103,125,154,303,436,729,167
FRAUD AND FORGERY,FRAUD AND FORGERY,Barnet,0,0,0,0,0,0,0,0,0,4,0
MISCELLANEOUS CRIMES AGAINST SOCIETY,MISC CRIMES AGAINST SOCIETY,Barnet,307,344,269,374,361,347,392,372,292,330,58
POSSESSION OF WEAPONS,POSSESSION OF WEAPONS,Barnet,110,152,191,182,168,166,144,157,121,112,18
PUBLIC ORDER OFFENCES,OTHER OFFENCES PUBLIC ORDER,Barnet,137,173,193,146,169,155,252,182,198,244,43
PUBLIC ORDER OFFENCES,PUBLIC FEAR ALARM OR DISTRESS,Barnet,804,956,1076,989,1102,1139,1372,1333,1151,1112,162
PUBLIC ORDER OFFENCES,RACE OR RELIGIOUS AGG PUBLIC FEAR,Barnet,337,351,352,404,451,395,437,345,393,497,63
PUBLIC ORDER OFFENCES,VIOLENT DISORDER,Barnet,2,1,1,0,2,1,1,2,2,2,0
ROBBERY,ROBBERY OF BUSINESS PROPERTY,Barnet,58,38,44,67,92,92,70,97,127,239,39
ROBBERY,ROBBERY OF PERSONAL PROPERTY,Barnet,565,426,599,670,1200,823,535,623,657,591,57
SEXUAL OFFENCES,OTHER SEXUAL OFFENCES,Barnet,269,324,383,328,334,340,473,465,354,499,100
SEXUAL OFFENCES,RAPE,Barnet,138,167,194,206,201,202,251,271,212,255,38
THEFT,BICYCLE THEFT,Barnet,281,236,257,166,222,261,317,275,162,222,23
THEFT,OTHER THEFT,Barnet,3503,3641,3900,3788,3734,2778,2633,3177,2705,3036,417
THEFT,SHOPLIFTING,Barnet,1192,1586,1564,1504,1781,1435,1392,1357,1734,2874,442
THEFT,THEFT FROM THE PERSON,Barnet,658,659,716,726,875,529,617,811,628,965,184
VEHICLE OFFENCES,AGGRAVATED VEHICLE TAKING,Barnet,28,32,32,43,52,31,14,27,25,21,1
VEHICLE OFFENCES,INTERFERING WITH A MOTOR VEHICLE,Barnet,535,574,471,743,892,666,508,518,416,502,57
VEHICLE OFFENCES,THEFT FROM A VEHICLE,Barnet,2386,2259,2353,2980,4063,3148,3086,2839,1835,2166,274
VEHICLE OFFENCES,THEFT OR UNAUTH TAKING OF A MOTOR VEH,Barnet,639,786,1006,1487,1499,1181,1285,1570,1506,1645,304
VIOLENCE AGAINST THE PERSON,HOMICIDE,Barnet,2,3,5,3,5,3,4,4,4,2,0
VIOLENCE AGAINST THE PERSON,VIOLENCE WITH INJURY,Barnet,2138,2143,2286,2189,2250,2207,2180,2306,1877,1926,267
VIOLENCE AGAINST THE PERSON,VIOLENCE WITHOUT INJURY,Barnet,3511,3904,3960,4330,4982,5059,5655,5386,4868,5419,877
ARSON AND CRIMINAL DAMAGE,ARSON,Bexley,89,57,78,56,68,67,44,59,60,97,7
ARSON AND CRIMINAL DAMAGE,CRIMINAL DAMAGE,Bexley,1411,1543,1609,1450,1545,1338,1359,1316,1252,1602,256
BURGLARY,BURGLARY BUSINESS AND COMMUNITY,Bexley,405,413,290,261,418,216,201,194,203,250,43
BURGLARY,BURGLARY IN A DWELLING,Bexley,680,710,1041,1378,1335,798,531,566,571,138,0
DRUG OFFENCES,POSSESSION OF DRUGS,Bexley,570,589,467,571,685,769,856,625,417,452,99
DRUG OFFENCES,TRAFFICKING OF DRUGS,Bexley,107,61,33,37,34,82,62,127,168,258,55
FRAUD AND FORGERY,FRAUD AND FORGERY,Bexley,0,0,0,0,0,0,0,0,0,3,0
MISCELLANEOUS CRIMES AGAINST SOCIETY,MISC CRIMES AGAINST SOCIETY,Bexley,296,218,228,209,243,244,292,267,186,238,36
POSSESSION OF WEAPONS,POSSESSION OF WEAPONS,Bexley,65,85,119,103,128,124,95,136,99,89,14
PUBLIC ORDER OFFENCES,OTHER OFFENCES PUBLIC ORDER,Bexley,133,136,161,150,185,177,145,143,135,170,22
PUBLIC ORDER OFFENCES,PUBLIC FEAR ALARM OR DISTRESS,Bexley,466,509,634,627,763,838,793,790,772,752,100
PUBLIC ORDER OFFENCES,RACE OR RELIGIOUS AGG PUBLIC FEAR,Bexley,109,131,125,133,169,226,216,196,171,208,36
PUBLIC ORDER OFFENCES,VIOLENT DISORDER,Bexley,3,1,1,1,2,0,0,0,0,1,0
ROBBERY,ROBBERY OF BUSINESS PROPERTY,Bexley,18,24,38,53,52,48,36,38,42,119,16
ROBBERY,ROBBERY OF PERSONAL PROPERTY,Bexley,153,185,248,265,324,254,141,222,248,205,39
SEXUAL OFFENCES,OTHER SEXUAL OFFENCES,Bexley,185,226,241,208,229,223,276,334,257,348,55
SEXUAL OFFENCES,RAPE,Bexley,80,122,115,138,147,138,151,160,140,169,33
THEFT,BICYCLE THEFT,Bexley,97,147,153,111,108,73,111,69,55,79,7
THEFT,OTHER THEFT,Bexley,1435,1516,1546,1509,1631,1249,1330,1713,1333,1354,188
THEFT,SHOPLIFTING,Bexley,770,825,1096,1006,915,779,670,702,1021,1868,332
THEFT,THEFT FROM THE PERSON,Bexley,139,170,189,173,213,102,161,226,150,270,52
VEHICLE OFFENCES,AGGRAVATED VEHICLE TAKING,Bexley,24,14,32,28,32,36,21,30,19,17,1
VEHICLE OFFENCES,INTERFERING WITH A MOTOR VEHICLE,Bexley,258,262,283,321,458,354,239,291,231,365,49
VEHICLE OFFENCES,THEFT FROM A VEHICLE,Bexley,918,910,992,1285,1983,1312,947,956,772,853,90
VEHICLE OFFENCES,THEFT OR UNAUTH TAKING OF A MOTOR VEH,Bexley,537,558,735,739,901,628,782,848,721,1132,159
VIOLENCE AGAINST THE PERSON,HOMICIDE,Bexley,2,5,1,1,3,3,2,2,3,2,0
VIOLENCE AGAINST THE PERSON,VIOLENCE WITH INJURY,Bexley,1294,1532,1633,1582,1902,1623,1672,1834,1510,1480,234
VIOLENCE AGAINST THE PERSON,VIOLENCE WITHOUT INJURY,Bexley,2007,2237,2458,2683,3360,3566,3621,3815,3353,3682,567
ARSON AND CRIMINAL DAMAGE,ARSON,Brent,65,70,68,71,66,66,77,65,56,88,12
ARSON AND CRIMINAL DAMAGE,CRIMINAL DAMAGE,Brent,1996,2154,2114,2029,2028,1953,1935,1848,1705,1957,270
BURGLARY,BURGLARY BUSINESS AND COMMUNITY,Brent,668,791,564,757,499,410,363,520,458,587,67
BURGLARY,BURGLARY IN A DWELLING,Brent,2034,1841,2310,2469,2165,1685,1417,1361,1299,269,0
DRUG OFFENCES,POSSESSION OF DRUGS,Brent,1727,1963,1552,1638,1688,2074,1732,1370,788,1079,242
DRUG OFFENCES,TRAFFICKING OF DRUGS,Brent,92,169,149,138,105,165,184,359,577,640,92
FRAUD AND FORGERY,FRAUD AND FORGERY,Brent,0,0,0,0,0,0,0,0,0,4,0
MISCELLANEOUS CRIMES AGAINST SOCIETY,MISC CRIMES AGAINST SOCIETY,Brent,280,316,355,369,350,405,435,408,300,319,55
POSSESSION OF WEAPONS,POSSESSION OF WEAPONS,Brent,193,257,285,289,281,265,236,231,196,196,33
PUBLIC ORDER OFFENCES,OTHER OFFENCES PUBLIC ORDER,Brent,153,223,221,230,211,242,218,237,183,300,52
PUBLIC ORDER OFFENCES,PUBLIC FEAR ALARM OR DISTRESS,Brent,973,978,1083,1180,1235,1322,1447,1454,1331,1351,165
PUBLIC ORDER OFFENCES,RACE OR RELIGIOUS AGG PUBLIC FEAR,Brent,312,323,332,362,362,423,459,464,397,495,62
PUBLIC ORDER OFFENCES,VIOLENT DISORDER,Brent,6,7,6,1,3,5,6,2,2,6,0
ROBBERY,ROBBERY OF BUSINESS PROPERTY,Brent,63,55,93,111,87,81,66,103,162,262,53
ROBBERY,ROBBERY OF PERSONAL PROPERTY,Brent,820,865,1110,1303,1287,876,653,802,746,865,108
SEXUAL OFFENCES,OTHER SEXUAL OFFENCES,Brent,318,359,407,415,416,357,407,506,418,544,81
SEXUAL OFFENCES,RAPE,Brent,169,178,214,217,236,231,248,289,234,286,57
THEFT,BICYCLE THEFT,Brent,416,442,421,335,285,386,350,386,277,335,33
THEFT,OTHER THEFT,Brent,3050,3313,3576,3398,3286,2565,2825,3353,3303,3494,503
THEFT,SHOPLIFTING,Brent,1318,1487,1394,1297,1161,948,1012,1356,1779,3074,556
THEFT,THEFT FROM THE PERSON,Brent,716,695,824,864,864,607,755,936,1090,2042,430
VEHICLE OFFENCES,AGGRAVATED VEHICLE TAKING,Brent,33,35,45,46,42,46,38,27,20,20,2
VEHICLE OFFENCES,INTERFERING WITH A MOTOR VEHICLE,Brent,425,412,447,449,556,618,358,369,340,411,42
VEHICLE OFFENCES,THEFT FROM A VEHICLE,Brent,1803,1838,2290,2074,2694,2451,2179,2146,1812,1933,245
VEHICLE OFFENCES,THEFT OR UNAUTH TAKING OF A MOTOR VEH,Brent,751,849,1254,1387,1270,1124,954,1140,1078,1351,178
VIOLENCE AGAINST THE PERSON,HOMICIDE,Brent,10,9,6,3,7,11,4,9,5,4,0
VIOLENCE AGAINST THE PERSON,VIOLENCE WITH INJURY,Brent,2771,3022,3290,3120,3025,2736,2815,3049,2694,2671,339
VIOLENCE AGAINST THE PERSON,VIOLENCE WITHOUT INJURY,Brent,4221,4613,4858,5411,5677,5941,6122,6504,5501,6647,1052
ARSON AND CRIMINAL DAMAGE,ARSON,Bromley,91,112,103,84,87,107,60,87,75,111,12
ARSON AND CRIMINAL DAMAGE,CRIMINAL DAMAGE,Bromley,2125,2005,2078,2019,1912,1581,1739,1754,1616,1980,333
BURGLARY,BURGLARY BUSINESS AND COMMUNITY,Bromley,966,782,523,405,599,372,421,412,359,379,59
BURGLARY,BURGLARY IN A DWELLING,Bromley,1558,1431,2065,2192,2144,1346,1072,1003,914,188,0
DRUG OFFENCES,POSSESSION OF DRUGS,Bromley,803,679,539,669,1099,1175,1028,1039,555,552,84
DRUG OFFENCES,TRAFFICKING OF DRUGS,Bromley,68,55,82,39,43,89,106,189,225,364,60
FRAUD AND FORGERY,FRAUD AND FORGERY,Bromley,0,0,0,0,0,0,0,0,0,6,1
MISCELLANEOUS CRIMES AGAINST SOCIETY,MISC CRIMES AGAINST SOCIETY,Bromley,258,315,330,283,297,354,368,331,278,304,56
POSSESSION OF WEAPONS,POSSESSION OF WEAPONS,Bromley,100,101,220,205,148,180,164,175,129,122,16
PUBLIC ORDER OFFENCES,OTHER OFFENCES PUBLIC ORDER,Bromley,183,173,154,151,150,156,165,174,145,180,33
PUBLIC ORDER OFFENCES,PUBLIC FEAR ALARM OR DISTRESS,Bromley,980,953,994,1050,1166,1133,1303,1202,1021,1041,158
PUBLIC ORDER OFFENCES,RACE OR RELIGIOUS AGG PUBLIC FEAR,Bromley,224,217,205,234,245,296,305,317,261,323,47
PUBLIC ORDER OFFENCES,VIOLENT DISORDER,Bromley,0,0,0,1,0,3,0,2,0,0,0
ROBBERY,ROBBERY OF BUSINESS PROPERTY,Bromley,43,37,63,69,89,80,56,76,87,171,31
ROBBERY,ROBBERY OF PERSONAL PROPERTY,Bromley,320,332,540,374,418,412,320,448,392,455,57
SEXUAL OFFENCES,OTHER SEXUAL OFFENCES,Bromley,267,308,327,355,390,335,361,404,398,427,83
SEXUAL OFFENCES,RAPE,Bromley,120,149,172,174,182,159,170,225,176,218,49
THEFT,BICYCLE THEFT,Bromley,172,201,226,214,162,156,172,133,107,141,9
THEFT,OTHER THEFT,Bromley,2896,2723,2787,2689,2539,1733,1944,2250,2025,2072,323
THEFT,SHOPLIFTING,Bromley,1680,1844,1725,2064,2136,1733,2017,1937,2108,3120,510
THEFT,THEFT FROM THE PERSON,Bromley,265,341,286,300,442,302,518,445,415,671,93
VEHICLE OFFENCES,AGGRAVATED VEHICLE TAKING,Bromley,36,32,41,48,31,32,27,44,22,18,2
VEHICLE OFFENCES,INTERFERING WITH A MOTOR VEHICLE,Bromley,335,342,546,569,629,602,518,379,351,588,75
VEHICLE OFFENCES,THEFT FROM A VEHICLE,Bromley,1465,1437,1849,2024,2571,2041,1970,1854,1238,1691,260
VEHICLE OFFENCES,THEFT OR UNAUTH TAKING OF A MOTOR VEH,Bromley,769,684,841,839,976,898,997,1093,1017,1454,198
VIOLENCE AGAINST THE PERSON,HOMICIDE,Bromley,0,1,2,3,1,2,2,1,2,1,0
VIOLENCE AGAINST THE PERSON,VIOLENCE WITH INJURY,Bromley,2031,2139,2274,2148,2194,2032,1961,2149,1904,1935,257
VIOLENCE AGAINST THE PERSON,VIOLENCE WITHOUT INJURY,Bromley,3251,3219,3617,3783,4288,4252,4511,4497,4031,4753,801
ARSON AND CRIMINAL DAMAGE,ARSON,Camden,54,56,53,33,32,48,50,55,38,49,9
ARSON AND CRIMINAL DAMAGE,CRIMINAL DAMAGE,Camden,1811,1854,1796,1644,1619,1410,1596,1508,1529,1761,240
BURGLARY,BURGLARY BUSINESS AND COMMUNITY,Camden,1305,1218,1418,1517,1518,874,592,851,903,1023,188
BURGLARY,BURGLARY IN A DWELLING,Camden,1532,1435,1664,1937,1856,1360,1187,1150,937,225,0
DRUG OFFENCES,POSSESSION OF DRUGS,Camden,1581,1399,1251,1230,1814,1878,1261,1355,726,875,169
DRUG OFFENCES,TRAFFICKING OF DRUGS,Camden,93,116,87,107,104,214,147,188,353,581,128
FRAUD AND FORGERY,FRAUD AND FORGERY,Camden,0,0,0,0,0,0,0,0,0,5,0
MISCELLANEOUS CRIMES AGAINST SOCIETY,MISC CRIMES AGAINST SOCIETY,Camden,229,272,264,246,294,262,280,261,221,214,29
POSSESSION OF WEAPONS,POSSESSION OF WEAPONS,Camden,122,200,237,223,234,181,138,187,144,129,19
PUBLIC ORDER OFFENCES,OTHER OFFENCES PUBLIC ORDER,Camden,216,237,197,189,198,165,220,207,198,270,42
PUBLIC ORDER OFFENCES,PUBLIC FEAR ALARM OR DISTRESS,Camden,944,1057,1285,1174,1288,1246,1311,1417,1401,1370,219
PUBLIC ORDER OFFENCES,RACE OR RELIGIOUS AGG PUBLIC FEAR,Camden,337,374,364,358,474,441,478,424,451,586,84
PUBLIC ORDER OFFENCES,VIOLENT DISORDER,Camden,4,2,2,0,7,2,2,2,2,0,0
ROBBERY,ROBBERY OF BUSINESS PROPERTY,Camden,76,65,130,114,148,79,76,80,158,319,55
ROBBERY,ROBBERY OF PERSONAL PROPERTY,Camden,955,840,1865,1620,1735,1077,989,1153,1218,1518,207
SEXUAL OFFENCES,OTHER SEXUAL OFFENCES,Camden,372,372,407,385,378,341,453,562,469,603,91
SEXUAL OFFENCES,RAPE,Camden,150,171,214,235,228,182,249,246,230,285,52
THEFT,BICYCLE THEFT,Camden,1066,1062,1171,1341,1351,1567,1304,1240,881,878,134
THEFT,OTHER THEFT,Camden,6194,5755,5966,6898,9197,4370,4016,7113,7742,7311,1149
THEFT,SHOPLIFTING,Camden,1487,1689,1839,1742,1628,1179,1146,1286,2044,3787,566
THEFT,THEFT FROM THE PERSON,Camden,3103,2759,7311,4589,4950,2978,3054,4749,5125,9782,1599
VEHICLE OFFENCES,AGGRAVATED VEHICLE TAKING,Camden,17,18,17,13,25,17,16,6,14,12,1
VEHICLE OFFENCES,INTERFERING WITH A MOTOR VEHICLE,Camden,356,385,458,422,418,368,286,293,185,272,33
VEHICLE OFFENCES,THEFT FROM A VEHICLE,Camden,1507,1598,1920,2097,2705,2111,1967,2409,1877,2069,302
VEHICLE OFFENCES,THEFT OR UNAUTH TAKING OF A MOTOR VEH,Camden,749,827,1020,644,562,472,500,621,589,696,86
VIOLENCE AGAINST THE PERSON,HOMICIDE,Camden,2,4,3,5,8,1,4,0,2,4,0
VIOLENCE AGAINST THE PERSON,VIOLENCE WITH INJURY,Camden,2318,2329,2502,2589,2275,1956,1973,2264,2181,2037,253
VIOLENCE AGAINST THE PERSON,VIOLENCE WITHOUT INJURY,Camden,3418,3667,3995,4271,4314,4312,4338,4702,4295,5068,836
ARSON AND CRIMINAL DAMAGE,ARSON,Croydon,101,98,95,83,98,76,67,94,98,106,16
ARSON AND CRIMINAL DAMAGE,CRIMINAL DAMAGE,Croydon,2893,3018,2938,2448,2330,2315,2490,2340,2272,2659,378
BURGLARY,BURGLARY BUSINESS AND COMMUNITY,Croydon,905,887,642,558,571,544,519,644,441,569,87
BURGLARY,BURGLARY IN A DWELLING,Croydon,1814,1854,2043,2241,2248,1751,1506,1481,1043,269,0
DRUG OFFENCES,POSSESSION OF DRUGS,Croydon,1456,1282,1545,1561,2270,2542,2052,1677,990,966,194
DRUG OFFENCES,TRAFFICKING OF DRUGS,Croydon,116,110,125,112,173,189,209,351,471,904,247
FRAUD AND FORGERY,FRAUD AND FORGERY,Croydon,0,0,0,0,0,0,0,0,0,12,1
MISCELLANEOUS CRIMES AGAINST SOCIETY,MISC CRIMES AGAINST SOCIETY,Croydon,414,451,425,454,468,490,538,491,375,454,80
POSSESSION OF WEAPONS,POSSESSION OF WEAPONS,Croydon,218,268,407,382,350,369,330,326,286,254,40
PUBLIC ORDER OFFENCES,OTHER OFFENCES PUBLIC ORDER,Croydon,258,323,279,240,274,308,299,281,246,319,55
PUBLIC ORDER OFFENCES,PUBLIC FEAR ALARM OR DISTRESS,Croydon,1036,1143,1245,1102,1273,1418,1661,1512,1360,1460,191
PUBLIC ORDER OFFENCES,RACE OR RELIGIOUS AGG PUBLIC FEAR,Croydon,305,276,358,323,420,437,447,431,348,457,77
PUBLIC ORDER OFFENCES,VIOLENT DISORDER,Croydon,3,5,1,2,3,1,1,0,0,4,0
ROBBERY,ROBBERY OF BUSINESS PROPERTY,Croydon,94,80,86,93,126,102,94,132,163,261,43
ROBBERY,ROBBERY OF PERSONAL PROPERTY,Croydon,635,1060,1074,987,1013,819,713,999,1074,1096,117
SEXUAL OFFENCES,OTHER SEXUAL OFFENCES,Croydon,390,455,464,490,506,462,576,644,518,740,133
SEXUAL OFFENCES,RAPE,Croydon,258,303,332,354,384,382,394,409,329,450,95
THEFT,BICYCLE THEFT,Croydon,225,262,326,248,228,257,186,185,145,194,31
THEFT,OTHER THEFT,Croydon,3626,3270,3225,3585,3426,2643,3256,3659,2809,2913,432
THEFT,SHOPLIFTING,Croydon,1929,1843,1635,1397,1711,1231,1292,1563,2158,3936,506
THEFT,THEFT FROM THE PERSON,Croydon,497,606,474,538,554,411,532,639,546,845,147
VEHICLE OFFENCES,AGGRAVATED VEHICLE TAKING,Croydon,41,47,48,46,52,54,34,38,25,35,3
VEHICLE OFFENCES,INTERFERING WITH A MOTOR VEHICLE,Croydon,370,382,445,543,650,654,496,408,374,453,81
VEHICLE OFFENCES,THEFT FROM A VEHICLE,Croydon,1978,1813,2016,2490,3184,3111,2485,2646,1635,1844,310
VEHICLE OFFENCES,THEFT OR UNAUTH TAKING OF A MOTOR VEH,Croydon,856,1031,1019,1064,1128,1084,1108,1360,1201,1631,199
VIOLENCE AGAINST THE PERSON,HOMICIDE,Croydon,0,7,7,3,7,9,8,5,9,1,1
VIOLENCE AGAINST THE PERSON,VIOLENCE WITH INJURY,Croydon,3369,3462,3462,3397,3465,3306,3473,3595,2987,3242,470
VIOLENCE AGAINST THE PERSON,VIOLENCE WITHOUT INJURY,Croydon,4949,5170,5126,5660,6106,7033,7356,7305,6481,7949,1236
ARSON AND CRIMINAL DAMAGE,ARSON,Ealing,63,107,90,71,64,80,47,57,59,75,13
ARSON AND CRIMINAL DAMAGE,CRIMINAL DAMAGE,Ealing,2343,2384,2190,2053,2122,1915,1906,1936,1840,1845,324
BURGLARY,BURGLARY BUSINESS AND COMMUNITY,Ealing,707,847,696,528,623,415,549,518,416,595,86
BURGLARY,BURGLARY IN A DWELLING,Ealing,1923,1646,1918,2008,2282,1745,1267,1274,1199,296,0
DRUG OFFENCES,POSSESSION OF DRUGS,Ealing,1274,1256,1196,1058,1542,1969,1418,1047,671,648,112
DRUG OFFENCES,TRAFFICKING OF DRUGS,Ealing,139,123,162,96,124,244,193,314,380,575,82
FRAUD AND FORGERY,FRAUD AND FORGERY,Ealing,0,0,0,0,0,0,0,0,0,2,0
MISCELLANEOUS CRIMES AGAINST SOCIETY,MISC CRIMES AGAINST SOCIETY,Ealing,323,430,418,322,370,463,426,373,314,343,53
POSSESSION OF WEAPONS,POSSESSION OF WEAPONS,Ealing,156,185,251,212,255,233,183,178,125,170,21
PUBLIC ORDER OFFENCES,OTHER OFFENCES PUBLIC ORDER,Ealing,288,269,261,255,229,204,258,237,178,212,32
PUBLIC ORDER OFFENCES,PUBLIC FEAR ALARM OR DISTRESS,Ealing,1056,1077,1225,1191,1251,1424,1542,1584,1443,1397,186
PUBLIC ORDER OFFENCES,RACE OR RELIGIOUS AGG PUBLIC FEAR,Ealing,367,337,377,365,407,405,484,387,347,473,82
PUBLIC ORDER OFFENCES,VIOLENT DISORDER,Ealing,2,2,3,2,4,1,2,0,0,3,1
ROBBERY,ROBBERY OF BUSINESS PROPERTY,Ealing,54,65,74,56,88,70,56,86,99,224,23
ROBBERY,ROBBERY OF PERSONAL PROPERTY,Ealing,582,606,775,789,1205,795,556,580,680,799,115
SEXUAL OFFENCES,OTHER SEXUAL OFFENCES,Ealing,352,355,369,403,385,383,512,498,444,598,100
SEXUAL OFFENCES,RAPE,Ealing,177,176,202,220,235,230,241,280,218,302,60
THEFT,BICYCLE THEFT,Ealing,501,589,645,560,524,620,497,391,355,477,43
THEFT,OTHER THEFT,Ealing,3493,3615,3362,3479,3389,2581,2806,3220,3007,3133,435
THEFT,SHOPLIFTING,Ealing,1642,1896,1676,1263,1321,1072,904,1164,1560,2786,592
THEFT,THEFT FROM THE PERSON,Ealing,581,598,577,665,809,464,593,766,754,1221,189
VEHICLE OFFENCES,AGGRAVATED VEHICLE TAKING,Ealing,32,33,41,25,48,39,21,30,18,20,2
VEHICLE OFFENCES,INTERFERING WITH A MOTOR VEHICLE,Ealing,439,379,472,475,658,582,487,415,366,423,66
VEHICLE OFFENCES,THEFT FROM A VEHICLE,Ealing,2242,2190,2204,2527,3524,2955,3011,3000,2499,2899,508
VEHICLE OFFENCES,THEFT OR UNAUTH TAKING OF A MOTOR VEH,Ealing,704,812,1043,1209,1201,962,938,933,1072,1154,192
VIOLENCE AGAINST THE PERSON,HOMICIDE,Ealing,6,3,7,4,8,5,3,7,2,4,2
VIOLENCE AGAINST THE PERSON,VIOLENCE WITH INJURY,Ealing,2768,2883,2956,2935,2855,2570,2650,2762,2576,2639,388
VIOLENCE AGAINST THE PERSON,VIOLENCE WITHOUT INJURY,Ealing,4562,4882,4872,5112,5496,5914,6484,6673,5970,6964,1096
ARSON AND CRIMINAL DAMAGE,ARSON,Enfield,97,107,87,76,72,80,72,79,92,83,12
ARSON AND CRIMINAL DAMAGE,CRIMINAL DAMAGE,Enfield,1943,1945,2025,2030,1999,1717,1842,1911,1687,1863,274
BURGLARY,BURGLARY BUSINESS AND COMMUNITY,Enfield,717,591,566,523,478,473,482,575,513,573,86
BURGLARY,BURGLARY IN A DWELLING,Enfield,2093,1948,2052,2446,2738,1974,1646,1460,1295,252,0
DRUG OFFENCES,POSSESSION OF DRUGS,Enfield,1105,946,924,832,936,1336,985,1120,491,864,178
DRUG OFFENCES,TRAFFICKING OF DRUGS,Enfield,127,146,101,107,145,184,190,421,438,626,133
FRAUD AND FORGERY,FRAUD AND FORGERY,Enfield,0,0,0,0,0,0,0,0,0,4,1
MISCELLANEOUS CRIMES AGAINST SOCIETY,MISC CRIMES AGAINST SOCIETY,Enfield,316,316,337,429,396,439,440,465,315,364,71
POSSESSION OF WEAPONS,POSSESSION OF WEAPONS,Enfield,155,216,263,250,277,231,205,275,185,245,26
PUBLIC ORDER OFFENCES,OTHER OFFENCES PUBLIC ORDER,Enfield,189,211,161,209,193,199,200,218,187,189,24
PUBLIC ORDER OFFENCES,PUBLIC FEAR ALARM OR DISTRESS,Enfield,703,823,812,902,1029,1176,1369,1340,1072,1081,157
PUBLIC ORDER OFFENCES,RACE OR RELIGIOUS AGG PUBLIC FEAR,Enfield,170,184,214,233,228,338,323,334,270,372,67
PUBLIC ORDER OFFENCES,VIOLENT DISORDER,Enfield,1,2,3,0,2,2,0,1,2,1,0
ROBBERY,ROBBERY OF BUSINESS PROPERTY,Enfield,73,56,72,76,99,73,61,75,55,149,29
ROBBERY,ROBBERY OF PERSONAL PROPERTY,Enfield,867,751,911,1143,1587,1002,815,921,703,829,141
SEXUAL OFFENCES,OTHER SEXUAL OFFENCES,Enfield,271,329,348,363,346,398,476,443,452,512,81
SEXUAL OFFENCES,RAPE,Enfield,167,195,214,229,266,244,300,294,241,285,39
THEFT,BICYCLE THEFT,Enfield,271,255,297,189,253,252,206,159,154,190,20
THEFT,OTHER THEFT,Enfield,2881,2855,2931,3025,3138,2481,2828,3238,2601,2833,420
THEFT,SHOPLIFTING,Enfield,1054,1191,1469,1309,1119,885,889,1053,1125,2610,480
THEFT,THEFT FROM THE PERSON,Enfield,451,520,561,655,744,593,706,922,751,1190,250
VEHICLE OFFENCES,AGGRAVATED VEHICLE TAKING,Enfield,36,40,41,46,42,44,41,42,34,32,3
VEHICLE OFFENCES,INTERFERING WITH A MOTOR VEHICLE,Enfield,343,454,517,812,874,880,655,565,472,529,67
VEHICLE OFFENCES,THEFT FROM A VEHICLE,Enfield,2201,2001,2267,3069,3431,3592,3260,2863,2076,2167,258
VEHICLE OFFENCES,THEFT OR UNAUTH TAKING OF A MOTOR VEH,Enfield,596,755,1167,1661,1681,1237,1690,1753,1622,1893,330
VIOLENCE AGAINST THE PERSON,HOMICIDE,Enfield,5,3,7,6,5,7,2,4,1,4,0
VIOLENCE AGAINST THE PERSON,VIOLENCE WITH INJURY,Enfield,2308,2428,2524,2467,2712,2571,2589,2825,2521,2325,309
VIOLENCE AGAINST THE PERSON,VIOLENCE WITHOUT INJURY,Enfield,3389,3784,3883,4480,5140,5704,6280,6348,5221,6072,970
ARSON AND CRIMINAL DAMAGE,ARSON,Greenwich,93,85,84,90,84,59,77,85,114,141,17
ARSON AND CRIMINAL DAMAGE,CRIMINAL DAMAGE,Greenwich,2103,2298,2423,1983,2099,1865,1830,1805,1769,1886,276
BURGLARY,BURGLARY BUSINESS AND COMMUNITY,Greenwich,734,703,636,572,674,366,347,474,403,451,77
BURGLARY,BURGLARY IN A DWELLING,Greenwich,1130,1082,1575,1821,1845,1275,1232,1171,900,215,0
DRUG OFFENCES,POSSESSION OF DRUGS,Greenwich,832,749,773,789,1218,1812,1530,1396,909,1048,201
DRUG OFFENCES,TRAFFICKING OF DRUGS,Greenwich,114,139,204,88,85,131,141,283,290,459,100
FRAUD AND FORGERY,FRAUD AND FORGERY,Greenwich,0,0,0,0,0,0,0,0,0,2,0
MISCELLANEOUS CRIMES AGAINST SOCIETY,MISC CRIMES AGAINST SOCIETY,Greenwich,395,446,464,440,405,425,415,411,339,399,73
POSSESSION OF WEAPONS,POSSESSION OF WEAPONS,Greenwich,131,127,239,209,250,254,260,245,198,210,25
PUBLIC ORDER OFFENCES,OTHER OFFENCES PUBLIC ORDER,Greenwich,204,222,251,210,184,230,268,187,243,299,51
PUBLIC ORDER OFFENCES,PUBLIC FEAR ALARM OR DISTRESS,Greenwich,933,1080,1138,1093,1164,1279,1384,1411,1287,1253,189
PUBLIC ORDER OFFENCES,RACE OR RELIGIOUS AGG PUBLIC FEAR,Greenwich,285,300,268,241,324,346,386,317,248,395,60
PUBLIC ORDER OFFENCES,VIOLENT DISORDER,Greenwich,1,1,1,2,5,0,1,0,2,1,0
ROBBERY,ROBBERY OF BUSINESS PROPERTY,Greenwich,59,42,58,68,87,122,72,78,135,237,30
ROBBERY,ROBBERY OF PERSONAL PROPERTY,Greenwich,405,444,576,574,767,617,452,583,546,676,94
SEXUAL OFFENCES,OTHER SEXUAL OFFENCES,Greenwich,337,360,409,409,400,337,470,457,402,561,84
SEXUAL OFFENCES,RAPE,Greenwich,161,168,228,237,275,221,328,290,234,282,53
THEFT,BICYCLE THEFT,Greenwich,300,385,347,348,347,442,543,402,201,370,33
THEFT,OTHER THEFT,Greenwich,2681,2888,2916,2934,2890,2110,2342,3004,2615,2713,395
THEFT,SHOPLIFTING,Greenwich,1394,1447,1611,1533,1786,1311,1223,1158,1647,2577,360
THEFT,THEFT FROM THE PERSON,Greenwich,483,591,559,477,574,318,366,636,780,1025,146
VEHICLE OFFENCES,AGGRAVATED VEHICLE TAKING,Greenwich,26,27,46,27,52,25,19,39,27,32,2
VEHICLE OFFENCES,INTERFERING WITH A MOTOR VEHICLE,Greenwich,295,354,494,497,691,497,389,371,296,418,42
VEHICLE OFFENCES,THEFT FROM A VEHICLE,Greenwich,1245,1465,1617,1865,2616,1733,1596,1577,1105,1321,169
VEHICLE OFFENCES,THEFT OR UNAUTH TAKING OF A MOTOR VEH,Greenwich,696,847,960,1076,1226,888,1008,1172,996,1206,181
VIOLENCE AGAINST THE PERSON,HOMICIDE,Greenwich,5,5,7,10,3,6,10,6,1,1,1
VIOLENCE AGAINST THE PERSON,VIOLENCE WITH INJURY,Greenwich,2567,2733,2806,2826,2747,2561,2648,2920,2641,2661,382
VIOLENCE AGAINST THE PERSON,VIOLENCE WITHOUT INJURY,Greenwich,3831,4311,4492,4837,5215,5452,5865,5845,5267,6027,970
ARSON AND CRIMINAL DAMAGE,ARSON,Hackney,73,63,67,99,63,60,49,50,54,58,4
ARSON AND CRIMINAL DAMAGE,CRIMINAL DAMAGE,Hackney,1898,1866,1890,1724,1697,1656,1586,1681,1451,1717,230
BURGLARY,BURGLARY BUSINESS AND COMMUNITY,Hackney,1165,1257,1006,868,857,556,538,617,613,685,101
BURGLARY,BURGLARY IN A DWELLING,Hackney,1353,1465,1934,2356,2468,1994,1932,1539,1450,281,0
DRUG OFFENCES,POSSESSION OF DRUGS,Hackney,1163,1221,1129,1353,1603,1516,1382,1166,647,950,191
DRUG OFFENCES,TRAFFICKING OF DRUGS,Hackney,155,164,128,113,109,162,217,490,405,500,160
FRAUD AND FORGERY,FRAUD AND FORGERY,Hackney,0,0,0,0,0,0,0,0,1,6,0
MISCELLANEOUS CRIMES AGAINST SOCIETY,MISC CRIMES AGAINST SOCIETY,Hackney,316,307,294,309,301,336,328,335,214,254,35
POSSESSION OF WEAPONS,POSSESSION OF WEAPONS,Hackney,234,257,359,320,329,332,264,256,218,208,30
PUBLIC ORDER OFFENCES,OTHER OFFENCES PUBLIC ORDER,Hackney,216,255,228,177,173,193,195,227,187,255,42
PUBLIC ORDER OFFENCES,PUBLIC FEAR ALARM OR DISTRESS,Hackney,1040,1144,1203,1139,1207,1351,1458,1430,1342,1327,184
PUBLIC ORDER OFFENCES,RACE OR RELIGIOUS AGG PUBLIC FEAR,Hackney,349,343,392,313,454,544,504,408,436,552,57
PUBLIC ORDER OFFENCES,VIOLENT DISORDER,Hackney,2,4,5,0,6,7,2,4,2,1,0
ROBBERY,ROBBERY OF BUSINESS PROPERTY,Hackney,76,75,76,107,106,117,96,66,139,261,35
ROBBERY,ROBBERY OF PERSONAL PROPERTY,Hackney,967,949,1389,1467,1925,1451,1254,1312,1155,1536,222
SEXUAL OFFENCES,OTHER SEXUAL OFFENCES,Hackney,378,430,450,444,432,433,548,664,454,617,93
SEXUAL OFFENCES,RAPE,Hackney,189,216,281,280,264,254,308,279,219,270,47
THEFT,BICYCLE THEFT,Hackney,1322,1459,1744,1675,1701,2294,1602,1407,1170,1432,158
THEFT,OTHER THEFT,Hackney,3970,3967,3814,4101,4714,2979,3196,3916,3603,3765,531
THEFT,SHOPLIFTING,Hackney,737,1136,1102,874,951,751,748,788,962,2258,334
THEFT,THEFT FROM THE PERSON,Hackney,2459,2744,3429,2238,3171,2349,2971,3005,2867,4994,590
VEHICLE OFFENCES,AGGRAVATED VEHICLE TAKING,Hackney,23,18,27,26,33,19,17,14,9,13,1
VEHICLE OFFENCES,INTERFERING WITH A MOTOR VEHICLE,Hackney,333,268,390,446,413,432,228,289,208,230,37
VEHICLE OFFENCES,THEFT FROM A VEHICLE,Hackney,1717,1576,1878,2067,2342,2075,2189,1793,1349,1695,204
VEHICLE OFFENCES,THEFT OR UNAUTH TAKING OF A MOTOR VEH,Hackney,546,639,887,899,825,614,685,1001,528,690,106
VIOLENCE AGAINST THE PERSON,HOMICIDE,Hackney,7,1,5,4,5,6,2,1,4,8,1
VIOLENCE AGAINST THE PERSON,VIOLENCE WITH INJURY,Hackney,2761,2781,2993,2861,2928,2479,2566,2728,2346,2281,323
VIOLENCE AGAINST THE PERSON,VIOLENCE WITHOUT INJURY,Hackney,4061,4328,4525,4743,4810,5238,5507,5438,4953,5592,898
ARSON AND CRIMINAL DAMAGE,ARSON,Hammersmith and Fulham,50,39,46,31,41,38,32,43,30,49,1
ARSON AND CRIMINAL DAMAGE,CRIMINAL DAMAGE,Hammersmith and Fulham,1383,1332,1281,1175,1277,1069,1176,1135,1090,1200,186
BURGLARY,BURGLARY BUSINESS AND COMMUNITY,Hammersmith and Fulham,548,597,584,556,529,383,313,379,414,469,56
BURGLARY,BURGLARY IN A DWELLING,Hammersmith and Fulham,1021,936,1331,1373,1331,1059,1075,864,739,168,0
DRUG OFFENCES,POSSESSION OF DRUGS,Hammersmith and Fulham,1344,1275,1006,852,1087,1112,1014,752,650,737,155
DRUG OFFENCES,TRAFFICKING OF DRUGS,Hammersmith and Fulham,73,66,59,97,39,85,67,142,142,326,46
FRAUD AND FORGERY,FRAUD AND FORGERY,Hammersmith and Fulham,0,0,0,0,0,0,0,0,0,5,0
MISCELLANEOUS CRIMES AGAINST SOCIETY,MISC CRIMES AGAINST SOCIETY,Hammersmith and Fulham,287,350,320,255,288,240,229,188,192,199,49
POSSESSION OF WEAPONS,POSSESSION OF WEAPONS,Hammersmith and Fulham,120,151,167,174,158,134,125,133,109,114,23
PUBLIC ORDER OFFENCES,OTHER OFFENCES PUBLIC ORDER,Hammersmith and Fulham,184,193,166,146,190,133,124,102,86,168,26
PUBLIC ORDER OFFENCES,PUBLIC FEAR ALARM OR DISTRESS,Hammersmith and Fulham,836,969,949,933,997,981,1072,1100,1063,991,133
PUBLIC ORDER OFFENCES,RACE OR RELIGIOUS AGG PUBLIC FEAR,Hammersmith and Fulham,287,298,278,286,328,317,328,297,280,468,57
PUBLIC ORDER OFFENCES,VIOLENT DISORDER,Hammersmith and Fulham,1,1,3,2,2,2,8,0,2,6,0
ROBBERY,ROBBERY OF BUSINESS PROPERTY,Hammersmith and Fulham,25,29,30,58,62,39,40,70,81,162,23
ROBBERY,ROBBERY OF PERSONAL PROPERTY,Hammersmith and Fulham,332,369,523,704,786,495,376,415,471,460,68
SEXUAL OFFENCES,OTHER SEXUAL OFFENCES,Hammersmith and Fulham,238,266,265,263,290,267,311,378,296,400,58
SEXUAL OFFENCES,RAPE,Hammersmith and Fulham,102,136,126,157,132,148,204,197,143,198,44
THEFT,BICYCLE THEFT,Hammersmith and Fulham,669,909,1198,1014,1135,1145,1335,1001,923,750,58
THEFT,OTHER THEFT,Hammersmith and Fulham,3108,2868,2797,3112,3279,2072,2323,2704,2572,2559,371
THEFT,SHOPLIFTING,Hammersmith and Fulham,1566,1554,1444,1498,1363,1090,902,1003,1211,2261,347
THEFT,THEFT FROM THE PERSON,Hammersmith and Fulham,817,620,634,706,849,530,649,714,731,1321,241
VEHICLE OFFENCES,AGGRAVATED VEHICLE TAKING,Hammersmith and Fulham,19,33,26,18,24,19,10,12,7,8,0
VEHICLE OFFENCES,INTERFERING WITH A MOTOR VEHICLE,Hammersmith and Fulham,301,380,480,347,342,237,224,217,190,159,42
VEHICLE OFFENCES,THEFT FROM A VEHICLE,Hammersmith and Fulham,1822,1684,2008,1835,2276,1413,1568,1924,1750,1282,206
VEHICLE OFFENCES,THEFT OR UNAUTH TAKING OF A MOTOR VEH,Hammersmith and Fulham,634,848,885,619,664,568,558,589,541,600,109
VIOLENCE AGAINST THE PERSON,HOMICIDE,Hammersmith and Fulham,2,3,2,2,5,2,1,1,1,3,1
VIOLENCE AGAINST THE PERSON,VIOLENCE WITH INJURY,Hammersmith and Fulham,1720,1746,1747,1843,1876,1569,1644,1832,1608,1660,232
VIOLENCE AGAINST THE PERSON,VIOLENCE WITHOUT INJURY,Hammersmith and Fulham,2640,2880,2980,3253,3414,3281,3573,3506,3256,3931,650
ARSON AND CRIMINAL DAMAGE,ARSON,Haringey,66,69,58,83,64,65,49,45,73,81,11
ARSON AND CRIMINAL DAMAGE,CRIMINAL DAMAGE,Haringey,2017,2105,2040,1919,1745,1679,1642,1564,1466,1598,236
BURGLARY,BURGLARY BUSINESS AND COMMUNITY,Haringey,699,616,545,574,661,390,488,461,395,475,61
BURGLARY,BURGLARY IN A DWELLING,Haringey,1869,1857,1822,2606,2169,1611,1740,1340,1035,184,0
DRUG OFFENCES,POSSESSION OF DRUGS,Haringey,1160,1457,1248,1212,1501,1656,965,1171,854,915,203
DRUG OFFENCES,TRAFFICKING OF DRUGS,Haringey,179,106,109,126,112,298,185,397,473,512,139
FRAUD AND FORGERY,FRAUD AND FORGERY,Haringey,0,0,0,0,0,0,0,0,0,4,1
MISCELLANEOUS CRIMES AGAINST SOCIETY,MISC CRIMES AGAINST SOCIETY,Haringey,281,343,316,367,367,348,302,323,242,258,55
POSSESSION OF WEAPONS,POSSESSION OF WEAPONS,Haringey,202,243,318,341,292,268,194,227,211,176,19
PUBLIC ORDER OFFENCES,OTHER OFFENCES PUBLIC ORDER,Haringey,207,241,219,193,176,163,185,177,168,222,32
PUBLIC ORDER OFFENCES,PUBLIC FEAR ALARM OR DISTRESS,Haringey,773,1046,1179,1090,1122,1152,1360,1267,1066,1078,141
PUBLIC ORDER OFFENCES,RACE OR RELIGIOUS AGG PUBLIC FEAR,Haringey,263,322,348,333,372,374,448,424,373,419,60
PUBLIC ORDER OFFENCES,VIOLENT DISORDER,Haringey,3,2,1,2,0,0,2,2,1,2,0
ROBBERY,ROBBERY OF BUSINESS PROPERTY,Haringey,84,79,103,130,114,96,62,90,93,257,33
ROBBERY,ROBBERY OF PERSONAL PROPERTY,Haringey,1151,1172,1681,1683,2441,1417,1108,1213,1156,1089,167
SEXUAL OFFENCES,OTHER SEXUAL OFFENCES,Haringey,348,360,373,387,383,381,486,484,402,507,82
SEXUAL OFFENCES,RAPE,Haringey,165,205,231,287,262,271,307,272,203,339,67
THEFT,BICYCLE THEFT,Haringey,506,532,462,445,416,637,498,433,326,331,31
THEFT,OTHER THEFT,Haringey,3408,3320,3591,3456,3635,2499,2844,3139,2870,2807,340
THEFT,SHOPLIFTING,Haringey,1386,1553,1445,1239,1421,1233,1044,1040,1614,2207,451
THEFT,THEFT FROM THE PERSON,Haringey,1233,1785,2215,1671,1587,1140,1323,1753,1863,2705,364
VEHICLE OFFENCES,AGGRAVATED VEHICLE TAKING,Haringey,23,35,38,33,40,31,14,22,15,18,2
VEHICLE OFFENCES,INTERFERING WITH A MOTOR VEHICLE,Haringey,280,436,550,494,596,587,431,412,244,313,49
VEHICLE OFFENCES,THEFT FROM A VEHICLE,Haringey,1825,1914,2448,3037,3666,3315,3646,3043,2092,2145,249
VEHICLE OFFENCES,THEFT OR UNAUTH TAKING OF A MOTOR VEH,Haringey,728,1009,1078,1182,1079,971,975,949,1071,1172,230
VIOLENCE AGAINST THE PERSON,HOMICIDE,Haringey,7,6,4,11,6,3,11,3,6,4,1
VIOLENCE AGAINST THE PERSON,VIOLENCE WITH INJURY,Haringey,2752,2871,3107,2962,2691,2352,2492,2618,2192,2136,276
VIOLENCE AGAINST THE PERSON,VIOLENCE WITHOUT INJURY,Haringey,3557,4120,4324,4750,4754,4905,5471,5196,4508,5194,833
ARSON AND CRIMINAL DAMAGE,ARSON,Harrow,28,24,40,36,39,25,28,19,41,22,2
ARSON AND CRIMINAL DAMAGE,CRIMINAL DAMAGE,Harrow,1101,1136,1053,1007,1051,923,914,1007,818,968,120
BURGLARY,BURGLARY BUSINESS AND COMMUNITY,Harrow,363,377,363,343,323,289,207,242,176,270,34
BURGLARY,BURGLARY IN A DWELLING,Harrow,1309,1618,1688,1596,1735,1046,870,814,801,164,0
DRUG OFFENCES,POSSESSION OF DRUGS,Harrow,499,414,450,550,746,984,817,563,306,407,97
DRUG OFFENCES,TRAFFICKING OF DRUGS,Harrow,124,68,65,41,61,94,100,135,179,208,39
FRAUD AND FORGERY,FRAUD AND FORGERY,Harrow,0,0,0,0,0,0,0,0,0,3,0
MISCELLANEOUS CRIMES AGAINST SOCIETY,MISC CRIMES AGAINST SOCIETY,Harrow,164,215,175,188,187,225,211,245,175,214,34
POSSESSION OF WEAPONS,POSSESSION OF WEAPONS,Harrow,82,64,117,100,92,110,86,92,73,78,6
PUBLIC ORDER OFFENCES,OTHER OFFENCES PUBLIC ORDER,Harrow,72,86,70,110,96,80,85,104,98,134,20
PUBLIC ORDER OFFENCES,PUBLIC FEAR ALARM OR DISTRESS,Harrow,353,362,440,538,556,664,709,665,589,671,68
PUBLIC ORDER OFFENCES,RACE OR RELIGIOUS AGG PUBLIC FEAR,Harrow,190,134,153,191,189,218,196,190,186,234,32
PUBLIC ORDER OFFENCES,VIOLENT DISORDER,Harrow,0,3,1,0,2,1,1,0,2,1,1
ROBBERY,ROBBERY OF BUSINESS PROPERTY,Harrow,30,32,23,35,57,34,15,56,56,132,23
ROBBERY,ROBBERY OF PERSONAL PROPERTY,Harrow,281,346,287,328,569,468,283,367,281,367,73
SEXUAL OFFENCES,OTHER SEXUAL OFFENCES,Harrow,169,185,217,191,236,162,248,236,193,295,48
SEXUAL OFFENCES,RAPE,Harrow,76,88,103,103,94,142,178,164,103,144,26
THEFT,BICYCLE THEFT,Harrow,148,151,142,161,139,168,223,90,85,119,11
THEFT,OTHER THEFT,Harrow,1602,1584,1468,1605,1873,1309,1440,1660,1469,1633,223
THEFT,SHOPLIFTING,Harrow,791,885,718,827,909,582,473,610,772,1866,249
THEFT,THEFT FROM THE PERSON,Harrow,274,358,311,433,569,274,482,566,433,862,221
VEHICLE OFFENCES,AGGRAVATED VEHICLE TAKING,Harrow,15,16,21,16,16,10,17,9,10,10,3
VEHICLE OFFENCES,INTERFERING WITH A MOTOR VEHICLE,Harrow,257,206,339,306,460,556,323,288,277,283,36
VEHICLE OFFENCES,THEFT FROM A VEHICLE,Harrow,1154,1075,1215,1198,1837,1900,1605,1561,1218,1180,134
VEHICLE OFFENCES,THEFT OR UNAUTH TAKING OF A MOTOR VEH,Harrow,189,276,351,499,511,473,543,602,565,692,90
VIOLENCE AGAINST THE PERSON,HOMICIDE,Harrow,2,2,3,1,2,2,0,1,4,2,0
VIOLENCE AGAINST THE PERSON,VIOLENCE WITH INJURY,Harrow,1327,1336,1413,1450,1529,1193,1274,1402,1238,1239,181
VIOLENCE AGAINST THE PERSON,VIOLENCE WITHOUT INJURY,Harrow,2249,2400,2543,2790,2990,3218,3367,3379,2785,3590,548
ARSON AND CRIMINAL DAMAGE,ARSON,Havering,61,78,63,54,60,39,58,73,70,86,8
ARSON AND CRIMINAL DAMAGE,CRIMINAL DAMAGE,Havering,1551,1661,1701,1379,1267,1058,1179,1392,1231,1508,186
BURGLARY,BURGLARY BUSINESS AND COMMUNITY,Havering,548,453,536,485,567,246,289,281,280,400,43
BURGLARY,BURGLARY IN A DWELLING,Havering,1393,1375,1720,1464,1318,1016,758,809,743,152,0
DRUG OFFENCES,POSSESSION OF DRUGS,Havering,629,650,462,490,677,1069,861,802,695,659,96
DRUG OFFENCES,TRAFFICKING OF DRUGS,Havering,78,77,56,42,62,94,81,160,218,363,67
FRAUD AND FORGERY,FRAUD AND FORGERY,Havering,0,0,0,0,0,0,0,0,0,1,0
MISCELLANEOUS CRIMES AGAINST SOCIETY,MISC CRIMES AGAINST SOCIETY,Havering,212,255,248,225,271,285,267,298,251,288,47
POSSESSION OF WEAPONS,POSSESSION OF WEAPONS,Havering,90,113,137,173,166,132,132,188,184,137,12
PUBLIC ORDER OFFENCES,OTHER OFFENCES PUBLIC ORDER,Havering,165,175,120,168,150,167,135,159,123,180,29
PUBLIC ORDER OFFENCES,PUBLIC FEAR ALARM OR DISTRESS,Havering,547,636,711,700,714,735,935,902,879,858,111
PUBLIC ORDER OFFENCES,RACE OR RELIGIOUS AGG PUBLIC FEAR,Havering,170,152,166,175,200,213,187,211,181,327,38
PUBLIC ORDER OFFENCES,VIOLENT DISORDER,Havering,1,0,1,4,2,0,3,0,0,0,0
ROBBERY,ROBBERY OF BUSINESS PROPERTY,Havering,26,29,66,65,61,50,58,52,86,162,23
ROBBERY,ROBBERY OF PERSONAL PROPERTY,Havering,297,282,548,605,615,349,272,276,321,395,78
SEXUAL OFFENCES,OTHER SEXUAL OFFENCES,Havering,269,231,283,268,308,305,417,401,289,426,57
SEXUAL OFFENCES,RAPE,Havering,96,101,137,142,151,122,175,189,172,191,31
THEFT,BICYCLE THEFT,Havering,171,154,188,144,156,134,137,114,90,114,6
THEFT,OTHER THEFT,Havering,2166,2187,2115,2116,1987,1514,1601,2030,1743,1800,221
THEFT,SHOPLIFTING,Havering,1095,1194,1349,1163,1418,1178,1166,1186,1734,2434,372
THEFT,THEFT FROM THE PERSON,Havering,347,375,391,345,400,268,346,410,354,515,90
VEHICLE OFFENCES,AGGRAVATED VEHICLE TAKING,Havering,27,20,28,16,33,35,22,23,30,22,2
VEHICLE OFFENCES,INTERFERING WITH A MOTOR VEHICLE,Havering,231,239,337,374,368,303,259,408,365,351,42
VEHICLE OFFENCES,THEFT FROM A VEHICLE,Havering,1071,957,1045,1148,1242,1034,926,1515,1122,1029,150
VEHICLE OFFENCES,THEFT OR UNAUTH TAKING OF A MOTOR VEH,Havering,757,817,1167,1353,1269,1051,1042,1206,1030,1096,169
VIOLENCE AGAINST THE PERSON,HOMICIDE,Havering,2,2,4,3,4,0,3,0,1,0,0
VIOLENCE AGAINST THE PERSON,VIOLENCE WITH INJURY,Havering,1741,1991,1986,1936,1847,1490,1782,2013,1833,1725,209
VIOLENCE AGAINST THE PERSON,VIOLENCE WITHOUT INJURY,Havering,2471,3046,2970,3364,3536,3505,3721,4085,3687,4379,651
ARSON AND CRIMINAL DAMAGE,ARSON,Hillingdon,99,108,92,70,92,63,61,84,67,131,21
ARSON AND CRIMINAL DAMAGE,CRIMINAL DAMAGE,Hillingdon,2129,2265,2460,1998,2148,1815,1594,1685,1476,2280,369
BURGLARY,BURGLARY BUSINESS AND COMMUNITY,Hillingdon,746,720,594,437,487,363,284,315,311,454,68
BURGLARY,BURGLARY IN A DWELLING,Hillingdon,1471,1511,1778,1622,2309,1520,1008,1023,775,182,0
DRUG OFFENCES,POSSESSION OF DRUGS,Hillingdon,1006,801,738,873,1292,1549,1340,912,425,579,103
DRUG OFFENCES,TRAFFICKING OF DRUGS,Hillingdon,107,260,71,73,106,169,180,249,242,363,89
FRAUD AND FORGERY,FRAUD AND FORGERY,Hillingdon,0,0,0,0,0,0,0,0,0,2,0
MISCELLANEOUS CRIMES AGAINST SOCIETY,MISC CRIMES AGAINST SOCIETY,Hillingdon,1107,1261,1353,1205,1306,841,959,1709,425,974,138
POSSESSION OF WEAPONS,POSSESSION OF WEAPONS,Hillingdon,113,124,188,220,196,209,183,148,115,128,23
PUBLIC ORDER OFFENCES,OTHER OFFENCES PUBLIC ORDER,Hillingdon,182,227,209,190,198,183,238,205,142,267,37
PUBLIC ORDER OFFENCES,PUBLIC FEAR ALARM OR DISTRESS,Hillingdon,920,984,1024,1115,1197,1289,1347,1363,1092,1280,196
PUBLIC ORDER OFFENCES,RACE OR RELIGIOUS AGG PUBLIC FEAR,Hillingdon,283,270,297,302,293,363,341,356,277,383,78
PUBLIC ORDER OFFENCES,VIOLENT DISORDER,Hillingdon,0,1,1,1,2,2,0,1,0,5,0
ROBBERY,ROBBERY OF BUSINESS PROPERTY,Hillingdon,37,31,58,61,112,65,53,79,89,252,30
ROBBERY,ROBBERY OF PERSONAL PROPERTY,Hillingdon,285,391,457,505,683,452,352,365,314,456,91
SEXUAL OFFENCES,OTHER SEXUAL OFFENCES,Hillingdon,287,321,386,350,340,317,432,460,319,502,82
SEXUAL OFFENCES,RAPE,Hillingdon,134,128,164,204,181,191,216,244,155,278,47
THEFT,BICYCLE THEFT,Hillingdon,349,313,397,303,336,266,218,188,217,226,26
THEFT,OTHER THEFT,Hillingdon,3674,3461,3706,3883,3941,2684,2786,3376,2143,3338,523
THEFT,SHOPLIFTING,Hillingdon,1806,1911,1936,1869,1971,1566,1069,1439,1535,2889,459
THEFT,THEFT FROM THE PERSON,Hillingdon,435,476,425,464,585,296,469,527,328,804,200
VEHICLE OFFENCES,AGGRAVATED VEHICLE TAKING,Hillingdon,28,36,54,45,40,37,17,31,23,16,4
VEHICLE OFFENCES,INTERFERING WITH A MOTOR VEHICLE,Hillingdon,378,398,631,670,735,609,411,494,372,465,69
VEHICLE OFFENCES,THEFT FROM A VEHICLE,Hillingdon,1848,1819,2622,2884,2832,2645,2290,2431,1850,2184,323
VEHICLE OFFENCES,THEFT OR UNAUTH TAKING OF A MOTOR VEH,Hillingdon,530,745,1024,1097,1050,800,873,958,675,947,187
VIOLENCE AGAINST THE PERSON,HOMICIDE,Hillingdon,5,4,1,5,2,4,4,3,5,2,0
VIOLENCE AGAINST THE PERSON,VIOLENCE WITH INJURY,Hillingdon,2420,2476,2489,2579,2505,2267,2249,2403,1919,2149,290
VIOLENCE AGAINST THE PERSON,VIOLENCE WITHOUT INJURY,Hillingdon,3706,3945,4047,4288,5013,5163,5464,5591,4402,5874,980
ARSON AND CRIMINAL DAMAGE,ARSON,Hounslow,80,100,56,70,87,75,57,81,80,104,12
ARSON AND CRIMINAL DAMAGE,CRIMINAL DAMAGE,Hounslow,2012,2047,1977,1858,1794,1563,1586,1605,1667,1796,299
BURGLARY,BURGLARY BUSINESS AND COMMUNITY,Hounslow,586,651,609,578,578,419,301,392,453,466,65
BURGLARY,BURGLARY IN A DWELLING,Hounslow,1195,1156,1670,1672,1642,1320,1137,1112,1115,240,0
DRUG OFFENCES,POSSESSION OF DRUGS,Hounslow,1005,1012,1088,1141,1572,1483,1134,893,507,537,96
DRUG OFFENCES,TRAFFICKING OF DRUGS,Hounslow,92,119,117,120,119,197,189,256,325,495,79
FRAUD AND FORGERY,FRAUD AND FORGERY,Hounslow,0,0,0,0,0,0,0,0,0,2,0
MISCELLANEOUS CRIMES AGAINST SOCIETY,MISC CRIMES AGAINST SOCIETY,Hounslow,375,521,526,507,430,441,382,374,307,341,49
POSSESSION OF WEAPONS,POSSESSION OF WEAPONS,Hounslow,83,129,196,232,222,205,153,165,161,131,13
PUBLIC ORDER OFFENCES,OTHER OFFENCES PUBLIC ORDER,Hounslow,199,195,191,154,151,179,232,243,182,236,44
PUBLIC ORDER OFFENCES,PUBLIC FEAR ALARM OR DISTRESS,Hounslow,838,908,995,1052,1177,1056,1258,1332,1208,1209,176
PUBLIC ORDER OFFENCES,RACE OR RELIGIOUS AGG PUBLIC FEAR,Hounslow,256,257,304,285,340,371,353,326,294,392,61
PUBLIC ORDER OFFENCES,VIOLENT DISORDER,Hounslow,2,11,2,3,3,0,1,2,0,6,0
ROBBERY,ROBBERY OF BUSINESS PROPERTY,Hounslow,21,25,44,48,44,50,23,61,78,196,21
ROBBERY,ROBBERY OF PERSONAL PROPERTY,Hounslow,358,368,423,613,696,535,353,340,451,486,79
SEXUAL OFFENCES,OTHER SEXUAL OFFENCES,Hounslow,321,312,322,350,321,314,402,398,359,509,72
SEXUAL OFFENCES,RAPE,Hounslow,156,201,184,232,202,181,240,217,207,225,43
THEFT,BICYCLE THEFT,Hounslow,536,576,797,727,661,559,653,653,501,487,40
THEFT,OTHER THEFT,Hounslow,2800,2764,3026,2943,3023,2268,2464,2882,2476,2560,344
THEFT,SHOPLIFTING,Hounslow,1660,1743,1661,1250,1297,936,778,1061,1508,2701,372
THEFT,THEFT FROM THE PERSON,Hounslow,460,396,414,540,580,348,432,525,491,986,174
VEHICLE OFFENCES,AGGRAVATED VEHICLE TAKING,Hounslow,28,39,36,27,31,26,22,17,15,15,2
VEHICLE OFFENCES,INTERFERING WITH A MOTOR VEHICLE,Hounslow,344,428,506,475,626,570,311,295,348,364,59
VEHICLE OFFENCES,THEFT FROM A VEHICLE,Hounslow,1926,2001,2260,2537,2737,2313,2003,2134,2064,1965,381
VEHICLE OFFENCES,THEFT OR UNAUTH TAKING OF A MOTOR VEH,Hounslow,501,770,773,898,836,779,712,694,893,919,109
VIOLENCE AGAINST THE PERSON,HOMICIDE,Hounslow,2,0,4,0,4,5,6,2,7,2,0
VIOLENCE AGAINST THE PERSON,VIOLENCE WITH INJURY,Hounslow,2292,2359,2430,2532,2520,2331,2291,2387,2265,2310,316
VIOLENCE AGAINST THE PERSON,VIOLENCE WITHOUT INJURY,Hounslow,3621,3724,4134,4587,5043,5262,5659,5816,5218,6036,947
ARSON AND CRIMINAL DAMAGE,ARSON,Islington,115,63,51,45,43,38,50,57,41,68,13
ARSON AND CRIMINAL DAMAGE,CRIMINAL DAMAGE,Islington,1812,1781,1710,1581,1464,1371,1436,1481,1269,1580,280
BURGLARY,BURGLARY BUSINESS AND COMMUNITY,Islington,921,924,893,840,830,660,481,557,611,718,78
BURGLARY,BURGLARY IN A DWELLING,Islington,1423,1128,1478,1899,1823,1427,1295,1141,958,190,0
DRUG OFFENCES,POSSESSION OF DRUGS,Islington,1270,1678,1309,1186,1218,1395,1012,890,722,669,156
DRUG OFFENCES,TRAFFICKING OF DRUGS,Islington,118,115,113,84,105,124,150,301,289,471,108
FRAUD AND FORGERY,FRAUD AND FORGERY,Islington,0,0,0,0,0,0,0,0,0,4,0
MISCELLANEOUS CRIMES AGAINST SOCIETY,MISC CRIMES AGAINST SOCIETY,Islington,314,295,299,325,307,286,272,336,346,239,62
POSSESSION OF WEAPONS,POSSESSION OF WEAPONS,Islington,169,211,267,238,252,187,174,181,189,150,23
PUBLIC ORDER OFFENCES,OTHER OFFENCES PUBLIC ORDER,Islington,245,279,229,184,200,158,216,212,194,267,49
PUBLIC ORDER OFFENCES,PUBLIC FEAR ALARM OR DISTRESS,Islington,1154,1173,1141,1104,1153,1285,1278,1375,1168,1201,211
PUBLIC ORDER OFFENCES,RACE OR RELIGIOUS AGG PUBLIC FEAR,Islington,337,353,328,321,336,409,412,415,293,402,70
PUBLIC ORDER OFFENCES,VIOLENT DISORDER,Islington,4,5,1,5,5,3,4,3,2,1,0
ROBBERY,ROBBERY OF BUSINESS PROPERTY,Islington,65,77,84,115,102,86,72,97,152,280,38
ROBBERY,ROBBERY OF PERSONAL PROPERTY,Islington,913,857,1705,1381,1465,1079,930,945,874,966,133
SEXUAL OFFENCES,OTHER SEXUAL OFFENCES,Islington,307,320,397,354,380,256,366,411,368,470,81
SEXUAL OFFENCES,RAPE,Islington,140,162,220,205,223,206,212,228,222,245,53
THEFT,BICYCLE THEFT,Islington,981,937,1180,1138,1025,1413,1057,975,627,899,119
THEFT,OTHER THEFT,Islington,3920,3651,3796,3912,5023,2798,2729,3921,4079,4192,591
THEFT,SHOPLIFTING,Islington,1303,1557,1588,1353,1479,1032,927,1234,1601,3062,542
THEFT,THEFT FROM THE PERSON,Islington,3784,3527,6080,2821,3026,2135,2486,2865,2220,4158,615
VEHICLE OFFENCES,AGGRAVATED VEHICLE TAKING,Islington,27,25,32,17,20,12,12,16,4,10,3
VEHICLE OFFENCES,INTERFERING WITH A MOTOR VEHICLE,Islington,327,298,381,317,348,303,173,217,154,220,41
VEHICLE OFFENCES,THEFT FROM A VEHICLE,Islington,1387,1429,1758,1745,2115,1770,1637,1695,1289,1734,294
VEHICLE OFFENCES,THEFT OR UNAUTH TAKING OF A MOTOR VEH,Islington,699,636,822,692,594,460,439,560,460,508,78
VIOLENCE AGAINST THE PERSON,HOMICIDE,Islington,9,3,4,6,4,4,4,5,4,2,1
VIOLENCE AGAINST THE PERSON,VIOLENCE WITH INJURY,Islington,2302,2336,2440,2495,2313,1894,2039,2311,1975,1971,293
VIOLENCE AGAINST THE PERSON,VIOLENCE WITHOUT INJURY,Islington,3405,3725,3682,3942,3998,3968,4470,4661,4005,4814,773
ARSON AND CRIMINAL DAMAGE,ARSON,Kensington and Chelsea,30,19,23,25,19,16,20,22,16,30,6
ARSON AND CRIMINAL DAMAGE,CRIMINAL DAMAGE,Kensington and Chelsea,996,1006,1063,1030,1012,823,961,1083,944,1148,168
BURGLARY,BURGLARY BUSINESS AND COMMUNITY,Kensington and Chelsea,617,585,583,684,732,432,342,416,454,566,70
BURGLARY,BURGLARY IN A DWELLING,Kensington and Chelsea,973,862,1212,1368,1420,1157,1029,923,791,151,0
DRUG OFFENCES,POSSESSION OF DRUGS,Kensington and Chelsea,973,1621,1490,1409,1305,1056,983,778,579,666,65
DRUG OFFENCES,TRAFFICKING OF DRUGS,Kensington and Chelsea,55,64,97,63,39,55,97,128,116,227,35
FRAUD AND FORGERY,FRAUD AND FORGERY,Kensington and Chelsea,0,0,0,0,0,0,0,0,0,8,0
MISCELLANEOUS CRIMES AGAINST SOCIETY,MISC CRIMES AGAINST SOCIETY,Kensington and Chelsea,203,252,275,215,145,173,194,165,116,148,35
POSSESSION OF WEAPONS,POSSESSION OF WEAPONS,Kensington and Chelsea,152,197,182,181,128,139,115,95,123,128,15
PUBLIC ORDER OFFENCES,OTHER OFFENCES PUBLIC ORDER,Kensington and Chelsea,93,120,122,117,100,92,95,118,108,116,19
PUBLIC ORDER OFFENCES,PUBLIC FEAR ALARM OR DISTRESS,Kensington and Chelsea,703,818,718,775,832,761,981,875,797,742,105
PUBLIC ORDER OFFENCES,RACE OR RELIGIOUS AGG PUBLIC FEAR,Kensington and Chelsea,254,245,250,268,265,234,258,271,215,294,47
PUBLIC ORDER OFFENCES,VIOLENT DISORDER,Kensington and Chelsea,4,1,1,2,4,2,14,0,2,2,0
ROBBERY,ROBBERY OF BUSINESS PROPERTY,Kensington and Chelsea,25,38,38,62,66,51,30,54,79,136,24
ROBBERY,ROBBERY OF PERSONAL PROPERTY,Kensington and Chelsea,383,484,620,653,904,522,428,537,529,548,97
SEXUAL OFFENCES,OTHER SEXUAL OFFENCES,Kensington and Chelsea,177,210,189,231,232,218,251,313,290,347,52
SEXUAL OFFENCES,RAPE,Kensington and Chelsea,90,104,137,148,134,151,169,211,146,213,36
THEFT,BICYCLE THEFT,Kensington and Chelsea,471,526,684,538,696,779,730,562,500,388,39
THEFT,OTHER THEFT,Kensington and Chelsea,4188,3623,3367,3592,4885,2631,2845,4127,4041,3767,443
THEFT,SHOPLIFTING,Kensington and Chelsea,1753,1656,1681,1563,1740,1090,1063,1181,1424,2496,415
THEFT,THEFT FROM THE PERSON,Kensington and Chelsea,1298,1080,1280,1365,1767,768,957,1893,1979,2920,392
VEHICLE OFFENCES,AGGRAVATED VEHICLE TAKING,Kensington and Chelsea,12,27,11,16,16,13,10,5,12,4,0
VEHICLE OFFENCES,INTERFERING WITH A MOTOR VEHICLE,Kensington and Chelsea,267,326,337,342,364,230,196,217,162,179,38
VEHICLE OFFENCES,THEFT FROM A VEHICLE,Kensington and Chelsea,1487,1720,2060,1961,2806,1787,1527,1801,1672,1944,415
VEHICLE OFFENCES,THEFT OR UNAUTH TAKING OF A MOTOR VEH,Kensington and Chelsea,701,892,697,544,571,465,574,679,552,564,67
VIOLENCE AGAINST THE PERSON,HOMICIDE,Kensington and Chelsea,3,3,2,1,4,1,1,1,0,5,0
VIOLENCE AGAINST THE PERSON,VIOLENCE WITH INJURY,Kensington and Chelsea,1255,1247,1393,1363,1456,1164,1327,1381,1254,1214,162
VIOLENCE AGAINST THE PERSON,VIOLENCE WITHOUT INJURY,Kensington and Chelsea,2140,2165,2407,2721,2746,2656,2928,2980,2609,3270,517
ARSON AND CRIMINAL DAMAGE,ARSON,Kingston upon Thames,25,30,48,27,33,12,19,25,22,33,6
ARSON AND CRIMINAL DAMAGE,CRIMINAL DAMAGE,Kingston upon Thames,975,1007,921,886,894,707,810,783,718,946,137
BURGLARY,BURGLARY BUSINESS AND COMMUNITY,Kingston upon Thames,365,323,248,208,197,104,162,157,180,154,19
BURGLARY,BURGLARY IN A DWELLING,Kingston upon Thames,562,557,895,767,799,744,564,502,503,74,0
DRUG OFFENCES,POSSESSION OF DRUGS,Kingston upon Thames,844,703,540,401,746,1030,852,780,520,405,78
DRUG OFFENCES,TRAFFICKING OF DRUGS,Kingston upon Thames,57,44,45,22,112,80,59,102,110,119,36
FRAUD AND FORGERY,FRAUD AND FORGERY,Kingston upon Thames,0,0,0,0,0,0,0,0,0,0,0
MISCELLANEOUS CRIMES AGAINST SOCIETY,MISC CRIMES AGAINST SOCIETY,Kingston upon Thames,119,124,151,130,166,129,150,169,114,105,24
POSSESSION OF WEAPONS,POSSESSION OF WEAPONS,Kingston upon Thames,55,55,82,88,92,75,87,95,70,56,12
PUBLIC ORDER OFFENCES,OTHER OFFENCES PUBLIC ORDER,Kingston upon Thames,95,77,82,72,85,86,80,88,85,110,15
PUBLIC ORDER OFFENCES,PUBLIC FEAR ALARM OR DISTRESS,Kingston upon Thames,353,413,488,525,539,483,549,512,458,490,77
PUBLIC ORDER OFFENCES,RACE OR RELIGIOUS AGG PUBLIC FEAR,Kingston upon Thames,122,119,124,117,147,143,159,144,144,172,35
PUBLIC ORDER OFFENCES,VIOLENT DISORDER,Kingston upon Thames,2,1,0,0,1,0,0,1,0,0,0
ROBBERY,ROBBERY OF BUSINESS PROPERTY,Kingston upon Thames,12,10,17,27,40,29,22,28,38,78,9
ROBBERY,ROBBERY OF PERSONAL PROPERTY,Kingston upon Thames,97,110,160,214,315,190,126,157,109,134,21
SEXUAL OFFENCES,OTHER SEXUAL OFFENCES,Kingston upon Thames,160,157,197,204,165,196,234,248,200,224,58
SEXUAL OFFENCES,RAPE,Kingston upon Thames,65,88,112,83,94,107,112,112,76,110,15
THEFT,BICYCLE THEFT,Kingston upon Thames,276,276,355,633,533,457,486,512,437,331,26
THEFT,OTHER THEFT,Kingston upon Thames,1318,1311,1250,1470,1340,983,1183,1417,1294,1181,167
THEFT,SHOPLIFTING,Kingston upon Thames,913,1008,1077,1032,996,525,615,660,864,1478,279
THEFT,THEFT FROM THE PERSON,Kingston upon Thames,369,377,328,465,527,313,436,591,470,534,91
VEHICLE OFFENCES,AGGRAVATED VEHICLE TAKING,Kingston upon Thames,9,14,14,17,17,7,3,13,6,8,0
VEHICLE OFFENCES,INTERFERING WITH A MOTOR VEHICLE,Kingston upon Thames,83,133,234,242,231,170,142,180,140,124,15
VEHICLE OFFENCES,THEFT FROM A VEHICLE,Kingston upon Thames,463,441,823,766,963,679,584,697,466,422,51
VEHICLE OFFENCES,THEFT OR UNAUTH TAKING OF A MOTOR VEH,Kingston upon Thames,143,250,287,345,240,248,291,345,317,398,35
VIOLENCE AGAINST THE PERSON,HOMICIDE,Kingston upon Thames,1,2,1,3,2,2,2,2,0,1,0
VIOLENCE AGAINST THE PERSON,VIOLENCE WITH INJURY,Kingston upon Thames,1062,1084,1143,1214,1157,966,1080,1018,885,910,150
VIOLENCE AGAINST THE PERSON,VIOLENCE WITHOUT INJURY,Kingston upon Thames,1413,1508,1718,1958,2148,2194,2176,2198,1938,2223,415
ARSON AND CRIMINAL DAMAGE,ARSON,Lambeth,80,90,96,94,68,43,60,61,51,86,12
ARSON AND CRIMINAL DAMAGE,CRIMINAL DAMAGE,Lambeth,2544,2605,2472,2242,1969,1923,2012,1992,1808,2220,318
BURGLARY,BURGLARY BUSINESS AND COMMUNITY,Lambeth,945,1061,826,755,761,589,454,595,580,743,103
BURGLARY,BURGLARY IN A DWELLING,Lambeth,1623,2025,1999,2361,2418,1955,1745,1618,1252,191,0
DRUG OFFENCES,POSSESSION OF DRUGS,Lambeth,2402,2525,2082,1976,2109,2258,2076,1345,775,924,175
DRUG OFFENCES,TRAFFICKING OF DRUGS,Lambeth,257,292,222,187,160,242,209,365,355,586,123
FRAUD AND FORGERY,FRAUD AND FORGERY,Lambeth,0,0,0,0,0,0,0,0,0,2,1
MISCELLANEOUS CRIMES AGAINST SOCIETY,MISC CRIMES AGAINST SOCIETY,Lambeth,397,481,455,432,423,412,409,346,289,295,82
POSSESSION OF WEAPONS,POSSESSION OF WEAPONS,Lambeth,364,412,512,470,409,370,399,319,236,237,32
PUBLIC ORDER OFFENCES,OTHER OFFENCES PUBLIC ORDER,Lambeth,295,258,268,208,220,235,233,279,277,303,40
PUBLIC ORDER OFFENCES,PUBLIC FEAR ALARM OR DISTRESS,Lambeth,1427,1340,1326,1296,1402,1497,1561,1576,1367,1452,187
PUBLIC ORDER OFFENCES,RACE OR RELIGIOUS AGG PUBLIC FEAR,Lambeth,393,318,380,351,436,537,495,466,390,549,70
PUBLIC ORDER OFFENCES,VIOLENT DISORDER,Lambeth,4,1,6,4,0,2,1,3,3,0,0
ROBBERY,ROBBERY OF BUSINESS PROPERTY,Lambeth,108,90,93,87,112,71,81,115,166,345,34
ROBBERY,ROBBERY OF PERSONAL PROPERTY,Lambeth,1051,1107,1375,1244,1224,1038,1116,1372,1455,1981,225
SEXUAL OFFENCES,OTHER SEXUAL OFFENCES,Lambeth,536,507,537,552,540,514,682,627,540,789,107
SEXUAL OFFENCES,RAPE,Lambeth,263,285,327,372,333,336,416,378,306,399,67
THEFT,BICYCLE THEFT,Lambeth,1005,1076,1151,1027,1029,1276,1097,1001,632,895,107
THEFT,OTHER THEFT,Lambeth,5210,4927,4966,5106,5656,3157,3831,4946,4825,4694,617
THEFT,SHOPLIFTING,Lambeth,1466,1555,1506,1192,1339,968,834,1140,1509,2807,433
THEFT,THEFT FROM THE PERSON,Lambeth,1893,2083,2115,1935,2111,1112,1529,2318,2618,4963,725
VEHICLE OFFENCES,AGGRAVATED VEHICLE TAKING,Lambeth,34,31,40,36,36,32,27,21,13,14,3
VEHICLE OFFENCES,INTERFERING WITH A MOTOR VEHICLE,Lambeth,515,479,422,773,525,393,289,279,294,538,102
VEHICLE OFFENCES,THEFT FROM A VEHICLE,Lambeth,2027,1902,1656,2362,2084,1668,1547,1497,1377,1958,324
VEHICLE OFFENCES,THEFT OR UNAUTH TAKING OF A MOTOR VEH,Lambeth,822,1093,993,836,913,863,827,899,745,1014,138
VIOLENCE AGAINST THE PERSON,HOMICIDE,Lambeth,4,4,4,6,7,8,7,5,6,5,1
VIOLENCE AGAINST THE PERSON,VIOLENCE WITH INJURY,Lambeth,3562,3695,3677,3432,3458,2969,3210,3510,2917,2804,410
VIOLENCE AGAINST THE PERSON,VIOLENCE WITHOUT INJURY,Lambeth,4765,4748,4863,5122,5562,5564,6075,5750,5223,6269,983
ARSON AND CRIMINAL DAMAGE,ARSON,Lewisham,89,49,82,73,93,66,62,70,63,83,11
ARSON AND CRIMINAL DAMAGE,CRIMINAL DAMAGE,Lewisham,2311,2238,2201,2099,2054,1986,2093,1949,1827,1967,278
BURGLARY,BURGLARY BUSINESS AND COMMUNITY,Lewisham,693,658,590,475,511,487,460,466,391,459,37
BURGLARY,BURGLARY IN A DWELLING,Lewisham,1452,1419,1739,2062,2131,1902,1578,1437,1265,244,0
DRUG OFFENCES,POSSESSION OF DRUGS,Lewisham,1424,1467,1136,1155,1215,1395,1280,1148,826,959,195
DRUG OFFENCES,TRAFFICKING OF DRUGS,Lewisham,171,178,132,146,249,147,206,377,393,598,189
FRAUD AND FORGERY,FRAUD AND FORGERY,Lewisham,0,0,0,0,0,0,0,0,0,3,0
MISCELLANEOUS CRIMES AGAINST SOCIETY,MISC CRIMES AGAINST SOCIETY,Lewisham,295,390,365,363,385,357,383,351,274,301,64
POSSESSION OF WEAPONS,POSSESSION OF WEAPONS,Lewisham,238,275,308,313,323,288,285,262,213,218,40
PUBLIC ORDER OFFENCES,OTHER OFFENCES PUBLIC ORDER,Lewisham,186,195,172,176,178,233,228,202,192,332,55
PUBLIC ORDER OFFENCES,PUBLIC FEAR ALARM OR DISTRESS,Lewisham,1012,1067,1070,1092,1292,1412,1516,1511,1317,1349,215
PUBLIC ORDER OFFENCES,RACE OR RELIGIOUS AGG PUBLIC FEAR,Lewisham,266,266,248,278,353,421,399,305,297,436,58
PUBLIC ORDER OFFENCES,VIOLENT DISORDER,Lewisham,3,4,2,1,0,0,3,3,0,0,0
ROBBERY,ROBBERY OF BUSINESS PROPERTY,Lewisham,73,87,107,96,113,110,85,87,127,211,42
ROBBERY,ROBBERY OF PERSONAL PROPERTY,Lewisham,738,782,899,941,1125,817,573,594,636,820,133
SEXUAL OFFENCES,OTHER SEXUAL OFFENCES,Lewisham,356,409,398,396,368,437,474,509,428,577,96
SEXUAL OFFENCES,RAPE,Lewisham,183,225,242,269,281,260,283,349,310,408,66
THEFT,BICYCLE THEFT,Lewisham,326,373,368,376,402,573,468,391,288,459,49
THEFT,OTHER THEFT,Lewisham,2874,2765,2772,2815,2954,2301,2706,3336,2592,2860,432
THEFT,SHOPLIFTING,Lewisham,1170,1330,1173,1181,1284,1193,1074,1195,1859,2496,356
THEFT,THEFT FROM THE PERSON,Lewisham,508,592,551,506,831,482,522,671,912,1767,178
VEHICLE OFFENCES,AGGRAVATED VEHICLE TAKING,Lewisham,26,29,26,41,51,36,29,38,23,20,6
VEHICLE OFFENCES,INTERFERING WITH A MOTOR VEHICLE,Lewisham,288,318,366,516,613,660,509,441,272,417,46
VEHICLE OFFENCES,THEFT FROM A VEHICLE,Lewisham,1496,1434,1468,1871,2454,2269,2013,2138,1316,1692,206
VEHICLE OFFENCES,THEFT OR UNAUTH TAKING OF A MOTOR VEH,Lewisham,868,828,921,975,1047,889,964,1083,1026,1223,196
VIOLENCE AGAINST THE PERSON,HOMICIDE,Lewisham,5,6,2,3,3,3,7,4,4,7,0
VIOLENCE AGAINST THE PERSON,VIOLENCE WITH INJURY,Lewisham,2699,2873,2902,2802,3076,2585,2497,2791,2726,2677,349
VIOLENCE AGAINST THE PERSON,VIOLENCE WITHOUT INJURY,Lewisham,4213,4309,4541,4709,5378,5619,5762,5864,5377,6355,1005
ARSON AND CRIMINAL DAMAGE,CRIMINAL DAMAGE,London Heathrow and London City Airports,0,0,0,0,0,1,0,0,166,52,0
MISCELLANEOUS CRIMES AGAINST SOCIETY,MISC CRIMES AGAINST SOCIETY,London Heathrow and London City Airports,0,0,0,0,0,5,0,0,882,174,0
THEFT,OTHER THEFT,London Heathrow and London City Airports,0,0,0,0,0,25,0,0,716,211,0
THEFT,SHOPLIFTING,London Heathrow and London City Airports,0,0,0,0,0,2,0,0,175,56,0
VEHICLE OFFENCES,THEFT FROM A VEHICLE,London Heathrow and London City Airports,0,0,0,0,0,1,0,0,350,70,0
VIOLENCE AGAINST THE PERSON,VIOLENCE WITH INJURY,London Heathrow and London City Airports,0,0,0,0,0,2,0,0,205,51,0
VIOLENCE AGAINST THE PERSON,VIOLENCE WITHOUT INJURY,London Heathrow and London City Airports,0,0,0,0,0,1,0,0,461,137,0
ARSON AND CRIMINAL DAMAGE,ARSON,Merton,51,33,34,25,34,30,21,33,28,34,4
ARSON AND CRIMINAL DAMAGE,CRIMINAL DAMAGE,Merton,1340,1352,1210,1106,1065,959,952,962,899,1037,127
BURGLARY,BURGLARY BUSINESS AND COMMUNITY,Merton,509,485,254,273,247,150,201,193,170,170,36
BURGLARY,BURGLARY IN A DWELLING,Merton,918,932,1188,1276,1338,813,722,766,532,95,0
DRUG OFFENCES,POSSESSION OF DRUGS,Merton,446,431,553,463,651,917,586,472,322,347,57
DRUG OFFENCES,TRAFFICKING OF DRUGS,Merton,30,37,49,24,48,80,67,117,112,226,60
FRAUD AND FORGERY,FRAUD AND FORGERY,Merton,0,0,0,0,0,0,1,0,0,3,0
MISCELLANEOUS CRIMES AGAINST SOCIETY,MISC CRIMES AGAINST SOCIETY,Merton,152,188,196,191,205,236,224,227,134,161,38
POSSESSION OF WEAPONS,POSSESSION OF WEAPONS,Merton,76,92,125,111,108,113,97,100,92,85,13
PUBLIC ORDER OFFENCES,OTHER OFFENCES PUBLIC ORDER,Merton,80,85,112,121,111,99,126,116,86,124,20
PUBLIC ORDER OFFENCES,PUBLIC FEAR ALARM OR DISTRESS,Merton,457,468,531,595,597,694,733,686,689,578,81
PUBLIC ORDER OFFENCES,RACE OR RELIGIOUS AGG PUBLIC FEAR,Merton,147,144,157,156,171,192,176,189,139,193,32
PUBLIC ORDER OFFENCES,VIOLENT DISORDER,Merton,1,1,1,0,0,1,1,0,0,0,0
ROBBERY,ROBBERY OF BUSINESS PROPERTY,Merton,26,29,30,46,54,46,39,41,86,132,22
ROBBERY,ROBBERY OF PERSONAL PROPERTY,Merton,235,254,326,343,377,345,287,458,295,273,35
SEXUAL OFFENCES,OTHER SEXUAL OFFENCES,Merton,166,184,237,242,220,220,258,270,218,291,44
SEXUAL OFFENCES,RAPE,Merton,86,102,121,106,114,95,138,135,143,144,28
THEFT,BICYCLE THEFT,Merton,296,371,480,382,314,334,276,294,220,219,27
THEFT,OTHER THEFT,Merton,1714,1580,1487,1529,1712,1157,1270,1595,1279,1382,196
THEFT,SHOPLIFTING,Merton,839,914,1041,996,774,577,729,744,1097,1734,310
THEFT,THEFT FROM THE PERSON,Merton,263,216,227,227,304,187,213,222,230,379,59
VEHICLE OFFENCES,AGGRAVATED VEHICLE TAKING,Merton,21,29,25,18,17,18,11,15,11,8,2
VEHICLE OFFENCES,INTERFERING WITH A MOTOR VEHICLE,Merton,179,209,227,277,266,257,217,241,192,225,24
VEHICLE OFFENCES,THEFT FROM A VEHICLE,Merton,903,955,977,1081,1244,1280,825,959,691,722,83
VEHICLE OFFENCES,THEFT OR UNAUTH TAKING OF A MOTOR VEH,Merton,360,632,549,555,529,456,485,669,417,632,97
VIOLENCE AGAINST THE PERSON,HOMICIDE,Merton,2,1,6,1,0,3,1,0,1,0,0
VIOLENCE AGAINST THE PERSON,VIOLENCE WITH INJURY,Merton,1310,1336,1427,1349,1359,1300,1223,1414,1212,1157,162
VIOLENCE AGAINST THE PERSON,VIOLENCE WITHOUT INJURY,Merton,1910,1967,2128,2299,2571,2774,2986,2904,2591,2851,419
ARSON AND CRIMINAL DAMAGE,ARSON,Newham,86,100,107,118,115,82,120,92,57,78,17
ARSON AND CRIMINAL DAMAGE,CRIMINAL DAMAGE,Newham,2226,2312,2202,2202,2046,1846,1948,2008,1761,1927,270
BURGLARY,BURGLARY BUSINESS AND COMMUNITY,Newham,807,907,649,703,621,452,367,537,500,781,78
BURGLARY,BURGLARY IN A DWELLING,Newham,1468,1210,1527,1738,1610,1398,1221,1101,1114,225,0
DRUG OFFENCES,POSSESSION OF DRUGS,Newham,1518,1520,1922,1925,2844,2729,1962,2009,1092,1180,252
DRUG OFFENCES,TRAFFICKING OF DRUGS,Newham,162,198,232,176,187,196,191,332,371,955,311
FRAUD AND FORGERY,FRAUD AND FORGERY,Newham,0,0,0,0,0,0,0,0,0,9,2
MISCELLANEOUS CRIMES AGAINST SOCIETY,MISC CRIMES AGAINST SOCIETY,Newham,460,512,533,597,592,491,512,526,412,478,84
POSSESSION OF WEAPONS,POSSESSION OF WEAPONS,Newham,239,304,437,380,355,330,264,293,231,222,37
PUBLIC ORDER OFFENCES,OTHER OFFENCES PUBLIC ORDER,Newham,262,275,254,236,318,268,280,286,240,297,53
PUBLIC ORDER OFFENCES,PUBLIC FEAR ALARM OR DISTRESS,Newham,875,945,1035,1046,1117,1134,1382,1327,1181,1345,172
PUBLIC ORDER OFFENCES,RACE OR RELIGIOUS AGG PUBLIC FEAR,Newham,271,289,289,342,371,440,459,405,380,468,56
PUBLIC ORDER OFFENCES,VIOLENT DISORDER,Newham,0,4,4,1,6,2,3,2,2,5,0
ROBBERY,ROBBERY OF BUSINESS PROPERTY,Newham,83,94,118,118,140,84,71,109,109,299,64
ROBBERY,ROBBERY OF PERSONAL PROPERTY,Newham,1315,1378,1899,1660,1743,1480,999,1060,1187,1411,231
SEXUAL OFFENCES,OTHER SEXUAL OFFENCES,Newham,475,396,452,497,470,397,591,637,506,620,94
SEXUAL OFFENCES,RAPE,Newham,234,211,296,320,309,307,354,382,318,387,65
THEFT,BICYCLE THEFT,Newham,472,520,521,546,508,596,459,400,434,555,52
THEFT,OTHER THEFT,Newham,4152,3953,4246,4525,4400,3403,3764,4274,4592,5120,691
THEFT,SHOPLIFTING,Newham,1603,1896,2312,2288,2257,1718,1883,1742,1908,4061,815
THEFT,THEFT FROM THE PERSON,Newham,1443,1370,1453,1862,2024,1964,2106,2312,2807,4627,771
VEHICLE OFFENCES,AGGRAVATED VEHICLE TAKING,Newham,47,45,38,29,40,46,36,40,19,22,1
VEHICLE OFFENCES,INTERFERING WITH A MOTOR VEHICLE,Newham,457,542,568,630,547,489,372,559,445,490,53
VEHICLE OFFENCES,THEFT FROM A VEHICLE,Newham,2393,2635,2823,3064,2644,2474,2132,2567,2355,2242,307
VEHICLE OFFENCES,THEFT OR UNAUTH TAKING OF A MOTOR VEH,Newham,856,1006,1370,1412,1175,868,1210,1811,1165,1678,261
VIOLENCE AGAINST THE PERSON,HOMICIDE,Newham,2,6,10,3,11,5,7,6,2,7,0
VIOLENCE AGAINST THE PERSON,VIOLENCE WITH INJURY,Newham,3328,3294,3264,3212,3093,2711,2967,3194,2753,2821,385
VIOLENCE AGAINST THE PERSON,VIOLENCE WITHOUT INJURY,Newham,4685,4840,5316,5650,5890,6112,6534,6401,5987,7063,1049
ARSON AND CRIMINAL DAMAGE,ARSON,Redbridge,46,52,60,62,63,40,63,59,37,74,9
ARSON AND CRIMINAL DAMAGE,CRIMINAL DAMAGE,Redbridge,1510,1535,1704,1486,1425,1351,1465,1432,1309,1414,220
BURGLARY,BURGLARY BUSINESS AND COMMUNITY,Redbridge,498,475,614,519,417,390,352,478,373,633,44
BURGLARY,BURGLARY IN A DWELLING,Redbridge,1747,1520,2403,2331,1749,1314,1137,927,661,158,0
DRUG OFFENCES,POSSESSION OF DRUGS,Redbridge,1193,948,672,618,1175,1548,1199,1005,583,620,161
DRUG OFFENCES,TRAFFICKING OF DRUGS,Redbridge,81,83,69,63,109,205,139,186,200,320,59
FRAUD AND FORGERY,FRAUD AND FORGERY,Redbridge,0,0,0,0,0,0,0,0,0,2,0
MISCELLANEOUS CRIMES AGAINST SOCIETY,MISC CRIMES AGAINST SOCIETY,Redbridge,303,267,258,239,279,314,336,328,271,286,51
POSSESSION OF WEAPONS,POSSESSION OF WEAPONS,Redbridge,125,131,149,176,158,178,162,165,121,143,9
PUBLIC ORDER OFFENCES,OTHER OFFENCES PUBLIC ORDER,Redbridge,165,163,121,135,134,150,146,150,132,215,33
PUBLIC ORDER OFFENCES,PUBLIC FEAR ALARM OR DISTRESS,Redbridge,559,666,754,766,768,870,1081,999,840,810,117
PUBLIC ORDER OFFENCES,RACE OR RELIGIOUS AGG PUBLIC FEAR,Redbridge,198,208,257,232,276,251,298,297,267,374,54
PUBLIC ORDER OFFENCES,VIOLENT DISORDER,Redbridge,2,0,3,1,1,1,2,0,1,1,0
ROBBERY,ROBBERY OF BUSINESS PROPERTY,Redbridge,62,40,68,66,74,47,57,77,95,184,29
ROBBERY,ROBBERY OF PERSONAL PROPERTY,Redbridge,595,558,818,973,919,615,559,609,586,512,72
SEXUAL OFFENCES,OTHER SEXUAL OFFENCES,Redbridge,272,326,279,296,293,299,445,441,344,452,73
SEXUAL OFFENCES,RAPE,Redbridge,127,173,174,186,172,196,288,246,206,283,40
THEFT,BICYCLE THEFT,Redbridge,160,183,213,180,232,223,282,204,139,219,27
THEFT,OTHER THEFT,Redbridge,2493,2509,2613,2542,2450,2141,2527,2859,2267,2544,380
THEFT,SHOPLIFTING,Redbridge,931,1175,1174,1058,1256,1229,1141,1173,1136,1719,233
THEFT,THEFT FROM THE PERSON,Redbridge,516,517,733,809,873,747,851,883,950,1330,271
VEHICLE OFFENCES,AGGRAVATED VEHICLE TAKING,Redbridge,30,38,32,37,36,32,17,25,22,18,2
VEHICLE OFFENCES,INTERFERING WITH A MOTOR VEHICLE,Redbridge,255,355,580,582,588,648,545,454,375,352,58
VEHICLE OFFENCES,THEFT FROM A VEHICLE,Redbridge,1704,1741,2320,2201,2779,2271,2090,2475,1755,1514,227
VEHICLE OFFENCES,THEFT OR UNAUTH TAKING OF A MOTOR VEH,Redbridge,751,962,1452,1506,1365,1141,1203,1255,1023,1308,202
VIOLENCE AGAINST THE PERSON,HOMICIDE,Redbridge,7,2,2,4,8,9,7,7,0,2,0
VIOLENCE AGAINST THE PERSON,VIOLENCE WITH INJURY,Redbridge,1943,2027,2101,2106,2107,1939,2205,2233,2010,2079,280
VIOLENCE AGAINST THE PERSON,VIOLENCE WITHOUT INJURY,Redbridge,3060,3388,3509,4023,4150,4544,5294,5093,4649,5604,912
ARSON AND CRIMINAL DAMAGE,ARSON,Richmond upon Thames,31,24,42,26,32,38,38,22,30,38,6
ARSON AND CRIMINAL DAMAGE,CRIMINAL DAMAGE,Richmond upon Thames,1014,1093,1080,1044,959,871,879,859,777,909,116
BURGLARY,BURGLARY BUSINESS AND COMMUNITY,Richmond upon Thames,682,599,506,450,334,198,228,271,359,315,50
BURGLARY,BURGLARY IN A DWELLING,Richmond upon Thames,769,761,1402,1338,1193,1076,790,656,665,150,0
DRUG OFFENCES,POSSESSION OF DRUGS,Richmond upon Thames,377,298,348,262,324,586,382,265,181,174,30
DRUG OFFENCES,TRAFFICKING OF DRUGS,Richmond upon Thames,22,26,32,15,35,31,30,68,84,369,59
FRAUD AND FORGERY,FRAUD AND FORGERY,Richmond upon Thames,0,0,0,0,0,0,0,0,0,4,0
MISCELLANEOUS CRIMES AGAINST SOCIETY,MISC CRIMES AGAINST SOCIETY,Richmond upon Thames,138,166,157,119,121,168,126,154,107,126,18
POSSESSION OF WEAPONS,POSSESSION OF WEAPONS,Richmond upon Thames,26,40,67,72,58,49,52,52,40,39,1
PUBLIC ORDER OFFENCES,OTHER OFFENCES PUBLIC ORDER,Richmond upon Thames,112,86,83,66,91,85,65,96,87,87,16
PUBLIC ORDER OFFENCES,PUBLIC FEAR ALARM OR DISTRESS,Richmond upon Thames,411,491,533,511,569,572,580,548,537,553,66
PUBLIC ORDER OFFENCES,RACE OR RELIGIOUS AGG PUBLIC FEAR,Richmond upon Thames,111,123,130,115,148,157,119,113,115,141,19
PUBLIC ORDER OFFENCES,VIOLENT DISORDER,Richmond upon Thames,0,1,0,0,0,0,0,0,0,0,0
ROBBERY,ROBBERY OF BUSINESS PROPERTY,Richmond upon Thames,15,8,16,14,27,24,17,29,37,105,20
ROBBERY,ROBBERY OF PERSONAL PROPERTY,Richmond upon Thames,134,98,222,336,387,202,175,182,182,192,21
SEXUAL OFFENCES,OTHER SEXUAL OFFENCES,Richmond upon Thames,151,177,232,195,179,186,222,224,172,205,35
SEXUAL OFFENCES,RAPE,Richmond upon Thames,64,88,97,71,96,94,105,81,68,133,9
THEFT,BICYCLE THEFT,Richmond upon Thames,676,669,924,862,676,766,756,644,548,455,48
THEFT,OTHER THEFT,Richmond upon Thames,1298,1408,1362,1314,1457,1070,1056,1305,1072,1157,161
THEFT,SHOPLIFTING,Richmond upon Thames,658,663,654,541,597,499,440,562,783,1325,208
THEFT,THEFT FROM THE PERSON,Richmond upon Thames,196,198,223,240,256,135,196,237,167,301,48
VEHICLE OFFENCES,AGGRAVATED VEHICLE TAKING,Richmond upon Thames,20,16,30,19,14,17,12,11,9,9,0
VEHICLE OFFENCES,INTERFERING WITH A MOTOR VEHICLE,Richmond upon Thames,206,321,360,311,334,324,206,258,212,236,30
VEHICLE OFFENCES,THEFT FROM A VEHICLE,Richmond upon Thames,865,1005,1375,1403,1481,1487,1111,1365,879,986,161
VEHICLE OFFENCES,THEFT OR UNAUTH TAKING OF A MOTOR VEH,Richmond upon Thames,356,494,559,487,495,421,388,422,501,564,71
VIOLENCE AGAINST THE PERSON,HOMICIDE,Richmond upon Thames,0,0,0,4,3,2,4,4,0,0,0
VIOLENCE AGAINST THE PERSON,VIOLENCE WITH INJURY,Richmond upon Thames,860,909,1019,1009,907,848,880,912,796,857,81
VIOLENCE AGAINST THE PERSON,VIOLENCE WITHOUT INJURY,Richmond upon Thames,1444,1580,1717,1881,2056,2106,2123,2076,1707,2156,310
ARSON AND CRIMINAL DAMAGE,ARSON,Southwark,87,93,84,78,57,65,63,63,86,75,20
ARSON AND CRIMINAL DAMAGE,CRIMINAL DAMAGE,Southwark,2430,2461,2387,2228,2058,1851,1801,1879,1732,1913,314
BURGLARY,BURGLARY BUSINESS AND COMMUNITY,Southwark,1463,1430,1259,915,957,659,620,726,801,797,145
BURGLARY,BURGLARY IN A DWELLING,Southwark,1529,1517,2068,2132,2298,1851,1741,1779,1335,240,0
DRUG OFFENCES,POSSESSION OF DRUGS,Southwark,2086,1735,2012,1815,2505,2183,2015,1393,839,931,206
DRUG OFFENCES,TRAFFICKING OF DRUGS,Southwark,187,131,128,113,142,126,181,315,316,618,157
FRAUD AND FORGERY,FRAUD AND FORGERY,Southwark,0,0,0,0,0,0,0,0,0,5,0
MISCELLANEOUS CRIMES AGAINST SOCIETY,MISC CRIMES AGAINST SOCIETY,Southwark,310,342,348,381,397,358,360,333,243,270,53
POSSESSION OF WEAPONS,POSSESSION OF WEAPONS,Southwark,230,299,445,464,377,337,299,263,239,251,31
PUBLIC ORDER OFFENCES,OTHER OFFENCES PUBLIC ORDER,Southwark,205,207,230,208,201,216,207,226,175,259,41
PUBLIC ORDER OFFENCES,PUBLIC FEAR ALARM OR DISTRESS,Southwark,1096,1203,1314,1319,1418,1357,1486,1402,1233,1282,176
PUBLIC ORDER OFFENCES,RACE OR RELIGIOUS AGG PUBLIC FEAR,Southwark,306,300,303,324,409,466,400,338,319,428,67
PUBLIC ORDER OFFENCES,VIOLENT DISORDER,Southwark,1,0,3,4,4,2,2,3,2,2,0
ROBBERY,ROBBERY OF BUSINESS PROPERTY,Southwark,96,58,125,124,121,102,75,144,175,260,25
ROBBERY,ROBBERY OF PERSONAL PROPERTY,Southwark,1124,1259,1668,1656,2303,1383,999,1514,1468,1828,269
SEXUAL OFFENCES,OTHER SEXUAL OFFENCES,Southwark,438,427,526,550,448,438,560,588,507,716,101
SEXUAL OFFENCES,RAPE,Southwark,204,261,263,298,303,291,307,346,287,346,74
THEFT,BICYCLE THEFT,Southwark,1130,1234,1604,1291,1284,1778,1538,1390,827,1188,124
THEFT,OTHER THEFT,Southwark,4880,4931,4729,5551,6312,3601,4112,5650,5358,5206,723
THEFT,SHOPLIFTING,Southwark,1421,1508,1445,1444,1351,972,1006,1081,1415,3458,489
THEFT,THEFT FROM THE PERSON,Southwark,1504,1778,2240,2034,3624,1886,2231,3514,4399,7179,945
VEHICLE OFFENCES,AGGRAVATED VEHICLE TAKING,Southwark,23,35,27,34,40,25,18,17,16,16,4
VEHICLE OFFENCES,INTERFERING WITH A MOTOR VEHICLE,Southwark,427,523,373,560,558,487,326,233,235,286,35
VEHICLE OFFENCES,THEFT FROM A VEHICLE,Southwark,1607,1903,1458,2249,2205,2056,1574,1563,1165,1501,236
VEHICLE OFFENCES,THEFT OR UNAUTH TAKING OF A MOTOR VEH,Southwark,861,1056,1003,969,1089,798,882,867,844,991,148
VIOLENCE AGAINST THE PERSON,HOMICIDE,Southwark,4,4,7,11,8,5,4,5,5,4,1
VIOLENCE AGAINST THE PERSON,VIOLENCE WITH INJURY,Southwark,3044,3178,3308,3314,3282,2837,2795,2898,2687,2606,399
VIOLENCE AGAINST THE PERSON,VIOLENCE WITHOUT INJURY,Southwark,4193,4503,4353,5250,5548,5287,5467,5251,4863,5618,973
ARSON AND CRIMINAL DAMAGE,ARSON,Sutton,51,41,55,62,43,38,29,43,44,86,6
ARSON AND CRIMINAL DAMAGE,CRIMINAL DAMAGE,Sutton,1234,1249,1156,1097,1092,890,1022,1057,897,1025,120
BURGLARY,BURGLARY BUSINESS AND COMMUNITY,Sutton,650,494,270,219,220,146,187,181,193,198,25
BURGLARY,BURGLARY IN A DWELLING,Sutton,630,741,860,962,1146,864,712,817,504,73,0
DRUG OFFENCES,POSSESSION OF DRUGS,Sutton,452,419,378,328,535,730,549,435,287,291,75
DRUG OFFENCES,TRAFFICKING OF DRUGS,Sutton,48,57,30,25,37,48,51,103,68,188,28
FRAUD AND FORGERY,FRAUD AND FORGERY,Sutton,0,0,0,0,0,0,0,0,0,3,0
MISCELLANEOUS CRIMES AGAINST SOCIETY,MISC CRIMES AGAINST SOCIETY,Sutton,132,165,180,169,176,208,181,172,146,174,35
POSSESSION OF WEAPONS,POSSESSION OF WEAPONS,Sutton,60,69,79,111,100,113,85,102,71,77,15
PUBLIC ORDER OFFENCES,OTHER OFFENCES PUBLIC ORDER,Sutton,75,102,85,97,107,113,139,174,111,159,18
PUBLIC ORDER OFFENCES,PUBLIC FEAR ALARM OR DISTRESS,Sutton,411,450,509,513,643,662,643,636,612,625,90
PUBLIC ORDER OFFENCES,RACE OR RELIGIOUS AGG PUBLIC FEAR,Sutton,103,89,168,156,176,133,156,151,126,219,16
PUBLIC ORDER OFFENCES,VIOLENT DISORDER,Sutton,0,1,1,0,0,0,0,1,0,2,0
ROBBERY,ROBBERY OF BUSINESS PROPERTY,Sutton,21,20,33,34,42,39,27,45,51,90,5
ROBBERY,ROBBERY OF PERSONAL PROPERTY,Sutton,142,145,232,287,240,205,195,264,237,223,38
SEXUAL OFFENCES,OTHER SEXUAL OFFENCES,Sutton,146,195,203,162,196,203,264,273,259,275,51
SEXUAL OFFENCES,RAPE,Sutton,65,91,144,111,85,112,122,120,113,126,28
THEFT,BICYCLE THEFT,Sutton,103,117,137,127,159,175,150,195,143,125,15
THEFT,OTHER THEFT,Sutton,1231,1167,1208,1300,1291,926,1107,1288,997,1040,134
THEFT,SHOPLIFTING,Sutton,781,794,839,775,945,730,630,786,841,1432,192
THEFT,THEFT FROM THE PERSON,Sutton,161,141,171,166,226,171,209,296,209,240,50
VEHICLE OFFENCES,AGGRAVATED VEHICLE TAKING,Sutton,19,18,30,29,22,18,20,8,18,12,0
VEHICLE OFFENCES,INTERFERING WITH A MOTOR VEHICLE,Sutton,204,217,273,306,311,363,320,279,189,232,29
VEHICLE OFFENCES,THEFT FROM A VEHICLE,Sutton,731,704,969,1032,1378,1478,1077,1107,555,606,76
VEHICLE OFFENCES,THEFT OR UNAUTH TAKING OF A MOTOR VEH,Sutton,234,369,480,386,443,386,516,571,466,523,77
VIOLENCE AGAINST THE PERSON,HOMICIDE,Sutton,0,1,1,0,0,2,2,0,5,1,0
VIOLENCE AGAINST THE PERSON,VIOLENCE WITH INJURY,Sutton,1233,1233,1400,1347,1397,1276,1334,1376,1190,1263,180
VIOLENCE AGAINST THE PERSON,VIOLENCE WITHOUT INJURY,Sutton,1882,1859,2090,2250,2798,2782,3058,2869,2530,3192,500
ARSON AND CRIMINAL DAMAGE,ARSON,Tower Hamlets,137,114,133,78,102,91,59,85,60,71,7
ARSON AND CRIMINAL DAMAGE,CRIMINAL DAMAGE,Tower Hamlets,2232,2163,2200,1988,1924,1853,2041,1881,1687,2051,268
BURGLARY,BURGLARY BUSINESS AND COMMUNITY,Tower Hamlets,1308,1467,963,950,987,649,551,668,774,1011,157
BURGLARY,BURGLARY IN A DWELLING,Tower Hamlets,1256,1338,1933,2312,2194,2016,1853,1528,1277,270,0
DRUG OFFENCES,POSSESSION OF DRUGS,Tower Hamlets,1695,1503,1357,1965,2328,2595,2161,1659,1218,1771,187
DRUG OFFENCES,TRAFFICKING OF DRUGS,Tower Hamlets,119,181,133,160,158,336,349,415,477,597,116
FRAUD AND FORGERY,FRAUD AND FORGERY,Tower Hamlets,0,0,0,0,0,0,0,0,0,6,0
MISCELLANEOUS CRIMES AGAINST SOCIETY,MISC CRIMES AGAINST SOCIETY,Tower Hamlets,305,462,403,387,375,434,434,425,308,360,76
POSSESSION OF WEAPONS,POSSESSION OF WEAPONS,Tower Hamlets,191,247,312,357,301,266,241,288,204,203,24
PUBLIC ORDER OFFENCES,OTHER OFFENCES PUBLIC ORDER,Tower Hamlets,323,285,328,311,325,317,292,260,273,357,46
PUBLIC ORDER OFFENCES,PUBLIC FEAR ALARM OR DISTRESS,Tower Hamlets,1077,1403,1421,1381,1341,1313,1561,1524,1587,1568,210
PUBLIC ORDER OFFENCES,RACE OR RELIGIOUS AGG PUBLIC FEAR,Tower Hamlets,308,404,395,369,399,465,500,442,436,504,66
PUBLIC ORDER OFFENCES,VIOLENT DISORDER,Tower Hamlets,2,2,0,5,3,1,2,1,3,4,0
ROBBERY,ROBBERY OF BUSINESS PROPERTY,Tower Hamlets,54,96,69,76,100,65,45,103,153,321,44
ROBBERY,ROBBERY OF PERSONAL PROPERTY,Tower Hamlets,1055,1137,1401,1444,1330,907,921,834,1012,1087,146
SEXUAL OFFENCES,OTHER SEXUAL OFFENCES,Tower Hamlets,324,443,389,417,397,380,528,577,533,651,95
SEXUAL OFFENCES,RAPE,Tower Hamlets,194,242,263,266,261,273,350,383,260,377,71
THEFT,BICYCLE THEFT,Tower Hamlets,1089,1301,1601,1432,1517,2051,1778,1277,1066,1143,136
THEFT,OTHER THEFT,Tower Hamlets,3625,3689,3840,4200,4857,3007,3142,4060,4149,4082,583
THEFT,SHOPLIFTING,Tower Hamlets,1051,1380,1296,1067,1005,804,712,1040,1441,2413,407
THEFT,THEFT FROM THE PERSON,Tower Hamlets,1363,1669,1593,1682,1773,1014,1552,1690,2261,3420,381
VEHICLE OFFENCES,AGGRAVATED VEHICLE TAKING,Tower Hamlets,42,45,41,24,32,35,32,20,25,24,3
VEHICLE OFFENCES,INTERFERING WITH A MOTOR VEHICLE,Tower Hamlets,388,292,370,415,614,537,333,320,236,337,28
VEHICLE OFFENCES,THEFT FROM A VEHICLE,Tower Hamlets,1583,1494,1811,2044,2407,2176,2053,2258,1465,1742,191
VEHICLE OFFENCES,THEFT OR UNAUTH TAKING OF A MOTOR VEH,Tower Hamlets,1008,1077,1118,1019,996,650,916,1097,835,1149,140
VIOLENCE AGAINST THE PERSON,HOMICIDE,Tower Hamlets,5,5,5,4,8,3,7,3,1,8,0
VIOLENCE AGAINST THE PERSON,VIOLENCE WITH INJURY,Tower Hamlets,2855,2832,2811,2882,2898,2567,2752,2898,2584,2516,346
VIOLENCE AGAINST THE PERSON,VIOLENCE WITHOUT INJURY,Tower Hamlets,4364,4719,4872,5510,5488,5495,6390,6417,6109,7220,1177
ARSON AND CRIMINAL DAMAGE,ARSON,Unknown,8,6,10,6,20,36,30,43,32,54,3
ARSON AND CRIMINAL DAMAGE,CRIMINAL DAMAGE,Unknown,314,360,391,402,843,1181,955,1447,1213,738,40
BURGLARY,BURGLARY BUSINESS AND COMMUNITY,Unknown,69,73,62,92,140,367,276,526,340,290,14
BURGLARY,BURGLARY IN A DWELLING,Unknown,24,19,55,144,177,733,915,1389,656,38,0
DRUG OFFENCES,POSSESSION OF DRUGS,Unknown,931,898,625,534,648,1478,1419,1780,748,566,26
DRUG OFFENCES,TRAFFICKING OF DRUGS,Unknown,136,135,191,130,190,450,349,397,300,192,3
FRAUD AND FORGERY,FRAUD AND FORGERY,Unknown,0,0,0,0,0,0,0,0,0,5,0
MISCELLANEOUS CRIMES AGAINST SOCIETY,MISC CRIMES AGAINST SOCIETY,Unknown,333,581,543,457,420,734,1047,670,594,851,121
POSSESSION OF WEAPONS,POSSESSION OF WEAPONS,Unknown,71,112,106,102,116,204,191,288,184,126,5
PUBLIC ORDER OFFENCES,OTHER OFFENCES PUBLIC ORDER,Unknown,264,362,486,674,736,779,854,934,710,276,17
PUBLIC ORDER OFFENCES,PUBLIC FEAR ALARM OR DISTRESS,Unknown,306,322,370,377,801,949,1000,1346,1039,635,22
PUBLIC ORDER OFFENCES,RACE OR RELIGIOUS AGG PUBLIC FEAR,Unknown,91,130,152,120,181,309,278,413,306,323,17
PUBLIC ORDER OFFENCES,VIOLENT DISORDER,Unknown,1,1,1,0,0,2,6,1,1,2,0
ROBBERY,ROBBERY OF BUSINESS PROPERTY,Unknown,7,3,12,15,34,51,30,58,61,130,10
ROBBERY,ROBBERY OF PERSONAL PROPERTY,Unknown,323,362,541,578,776,700,751,1220,892,551,7
SEXUAL OFFENCES,OTHER SEXUAL OFFENCES,Unknown,534,607,731,860,803,765,1055,1108,844,503,17
SEXUAL OFFENCES,RAPE,Unknown,791,887,1292,1578,1179,918,1089,1171,781,350,16
THEFT,BICYCLE THEFT,Unknown,138,209,267,255,436,428,529,749,405,180,5
THEFT,OTHER THEFT,Unknown,1020,1273,1616,1745,3041,2056,2475,4570,3868,1632,72
THEFT,SHOPLIFTING,Unknown,144,232,239,216,392,608,404,803,1058,1025,74
THEFT,THEFT FROM THE PERSON,Unknown,664,761,1059,1003,1949,914,1416,2907,2615,1829,44
VEHICLE OFFENCES,AGGRAVATED VEHICLE TAKING,Unknown,15,9,11,10,20,35,21,23,18,9,0
VEHICLE OFFENCES,INTERFERING WITH A MOTOR VEHICLE,Unknown,28,50,73,111,358,385,226,303,231,109,5
VEHICLE OFFENCES,THEFT FROM A VEHICLE,Unknown,293,360,510,590,2189,1584,1245,2104,1635,670,18
VEHICLE OFFENCES,THEFT OR UNAUTH TAKING OF A MOTOR VEH,Unknown,114,126,199,313,860,725,577,951,718,329,14
VIOLENCE AGAINST THE PERSON,HOMICIDE,Unknown,4,7,10,6,0,2,4,1,4,3,0
VIOLENCE AGAINST THE PERSON,VIOLENCE WITH INJURY,Unknown,715,765,1046,1015,1185,2036,1642,2423,1932,1136,30
VIOLENCE AGAINST THE PERSON,VIOLENCE WITHOUT INJURY,Unknown,1119,1663,2189,2589,3022,5004,4698,5671,4936,2756,144
ARSON AND CRIMINAL DAMAGE,ARSON,Waltham Forest,78,79,70,61,65,57,51,39,37,49,5
ARSON AND CRIMINAL DAMAGE,CRIMINAL DAMAGE,Waltham Forest,1842,1818,1836,1558,1614,1484,1467,1501,1362,1650,268
BURGLARY,BURGLARY BUSINESS AND COMMUNITY,Waltham Forest,839,580,624,453,475,382,245,308,351,612,70
BURGLARY,BURGLARY IN A DWELLING,Waltham Forest,1391,1294,1809,1741,1485,1430,1039,869,780,155,0
DRUG OFFENCES,POSSESSION OF DRUGS,Waltham Forest,1339,971,820,1080,1681,1686,1300,1258,743,696,168
DRUG OFFENCES,TRAFFICKING OF DRUGS,Waltham Forest,111,92,75,92,107,110,168,232,323,655,98
FRAUD AND FORGERY,FRAUD AND FORGERY,Waltham Forest,0,0,0,0,0,0,0,0,0,5,0
MISCELLANEOUS CRIMES AGAINST SOCIETY,MISC CRIMES AGAINST SOCIETY,Waltham Forest,267,346,244,302,300,344,300,312,227,239,44
POSSESSION OF WEAPONS,POSSESSION OF WEAPONS,Waltham Forest,194,196,247,246,250,221,191,214,162,172,16
PUBLIC ORDER OFFENCES,OTHER OFFENCES PUBLIC ORDER,Waltham Forest,179,186,141,158,122,144,187,143,120,157,24
PUBLIC ORDER OFFENCES,PUBLIC FEAR ALARM OR DISTRESS,Waltham Forest,710,830,819,800,839,917,1056,949,900,932,108
PUBLIC ORDER OFFENCES,RACE OR RELIGIOUS AGG PUBLIC FEAR,Waltham Forest,259,216,273,266,235,301,297,260,232,328,37
PUBLIC ORDER OFFENCES,VIOLENT DISORDER,Waltham Forest,1,1,3,0,2,2,1,1,0,2,0
ROBBERY,ROBBERY OF BUSINESS PROPERTY,Waltham Forest,46,57,71,70,66,71,75,42,102,203,39
ROBBERY,ROBBERY OF PERSONAL PROPERTY,Waltham Forest,601,547,742,912,773,657,652,577,510,768,94
SEXUAL OFFENCES,OTHER SEXUAL OFFENCES,Waltham Forest,300,333,345,301,308,289,374,390,321,408,52
SEXUAL OFFENCES,RAPE,Waltham Forest,147,143,205,195,182,201,202,206,177,195,27
THEFT,BICYCLE THEFT,Waltham Forest,262,373,448,414,593,766,428,379,389,480,69
THEFT,OTHER THEFT,Waltham Forest,2872,2705,2695,2862,2888,2284,2347,2795,2471,2642,372
THEFT,SHOPLIFTING,Waltham Forest,1025,1150,992,903,847,919,950,896,1042,1895,362
THEFT,THEFT FROM THE PERSON,Waltham Forest,549,626,681,872,751,635,728,738,800,2089,241
VEHICLE OFFENCES,AGGRAVATED VEHICLE TAKING,Waltham Forest,21,27,34,21,35,35,20,22,17,35,5
VEHICLE OFFENCES,INTERFERING WITH A MOTOR VEHICLE,Waltham Forest,292,310,411,523,593,545,383,368,307,531,54
VEHICLE OFFENCES,THEFT FROM A VEHICLE,Waltham Forest,1672,1521,1873,2218,2671,2174,1973,1942,1604,1749,232
VEHICLE OFFENCES,THEFT OR UNAUTH TAKING OF A MOTOR VEH,Waltham Forest,667,664,1071,1034,984,921,996,1213,970,1409,197
VIOLENCE AGAINST THE PERSON,HOMICIDE,Waltham Forest,2,2,2,7,7,6,4,5,2,5,0
VIOLENCE AGAINST THE PERSON,VIOLENCE WITH INJURY,Waltham Forest,2433,2438,2259,2235,2072,2030,1979,2074,1717,1678,209
VIOLENCE AGAINST THE PERSON,VIOLENCE WITHOUT INJURY,Waltham Forest,3302,3737,3698,4110,4032,4454,4688,4574,3825,4521,683
ARSON AND CRIMINAL DAMAGE,ARSON,Wandsworth,84,64,105,58,46,52,52,56,57,69,11
ARSON AND CRIMINAL DAMAGE,CRIMINAL DAMAGE,Wandsworth,1800,1719,1851,1645,1581,1477,1598,1457,1419,1529,224
BURGLARY,BURGLARY BUSINESS AND COMMUNITY,Wandsworth,1137,1001,596,625,626,432,583,512,538,606,96
BURGLARY,BURGLARY IN A DWELLING,Wandsworth,1255,1349,1788,2128,2093,1816,1636,1269,1332,235,0
DRUG OFFENCES,POSSESSION OF DRUGS,Wandsworth,658,720,619,639,864,1399,943,823,529,630,114
DRUG OFFENCES,TRAFFICKING OF DRUGS,Wandsworth,61,165,222,62,81,104,141,195,211,317,84
FRAUD AND FORGERY,FRAUD AND FORGERY,Wandsworth,0,0,0,0,0,0,0,0,0,3,0
MISCELLANEOUS CRIMES AGAINST SOCIETY,MISC CRIMES AGAINST SOCIETY,Wandsworth,334,294,296,321,287,343,333,330,250,287,73
POSSESSION OF WEAPONS,POSSESSION OF WEAPONS,Wandsworth,139,133,186,207,176,182,157,168,122,128,17
PUBLIC ORDER OFFENCES,OTHER OFFENCES PUBLIC ORDER,Wandsworth,192,176,160,197,182,171,167,178,157,199,33
PUBLIC ORDER OFFENCES,PUBLIC FEAR ALARM OR DISTRESS,Wandsworth,908,897,980,1014,1135,1109,1311,1146,1056,1105,149
PUBLIC ORDER OFFENCES,RACE OR RELIGIOUS AGG PUBLIC FEAR,Wandsworth,231,225,262,264,293,389,393,340,277,427,61
PUBLIC ORDER OFFENCES,VIOLENT DISORDER,Wandsworth,2,1,0,1,0,6,0,0,0,1,0
ROBBERY,ROBBERY OF BUSINESS PROPERTY,Wandsworth,61,63,53,78,92,74,62,75,105,225,37
ROBBERY,ROBBERY OF PERSONAL PROPERTY,Wandsworth,389,547,693,771,786,689,525,598,691,657,71
SEXUAL OFFENCES,OTHER SEXUAL OFFENCES,Wandsworth,386,406,450,429,442,401,525,483,413,500,107
SEXUAL OFFENCES,RAPE,Wandsworth,148,218,217,236,249,204,277,263,222,251,48
THEFT,BICYCLE THEFT,Wandsworth,797,979,1233,951,996,1332,1270,903,689,748,49
THEFT,OTHER THEFT,Wandsworth,3518,3410,3145,3187,3353,2399,2788,3072,3001,3133,397
THEFT,SHOPLIFTING,Wandsworth,1445,1548,1425,1312,1349,923,973,948,1391,2599,452
THEFT,THEFT FROM THE PERSON,Wandsworth,664,682,659,732,685,538,681,745,691,1260,226
VEHICLE OFFENCES,AGGRAVATED VEHICLE TAKING,Wandsworth,38,19,36,24,30,22,25,23,13,14,0
VEHICLE OFFENCES,INTERFERING WITH A MOTOR VEHICLE,Wandsworth,399,512,536,580,476,432,351,338,416,343,55
VEHICLE OFFENCES,THEFT FROM A VEHICLE,Wandsworth,1695,2368,2245,2322,2541,2107,1825,1789,1867,1865,261
VEHICLE OFFENCES,THEFT OR UNAUTH TAKING OF A MOTOR VEH,Wandsworth,957,1285,1093,1065,1090,987,944,1151,992,881,137
VIOLENCE AGAINST THE PERSON,HOMICIDE,Wandsworth,3,3,8,7,8,3,2,1,3,1,1
VIOLENCE AGAINST THE PERSON,VIOLENCE WITH INJURY,Wandsworth,2276,2107,2226,2418,2350,2143,2418,2383,2117,2121,288
VIOLENCE AGAINST THE PERSON,VIOLENCE WITHOUT INJURY,Wandsworth,3351,3427,3776,4147,4288,4598,5000,4811,4172,4743,759
ARSON AND CRIMINAL DAMAGE,ARSON,Westminster,46,39,49,47,49,43,49,33,40,68,16
ARSON AND CRIMINAL DAMAGE,CRIMINAL DAMAGE,Westminster,1987,2107,2177,2219,2296,1939,2148,2184,1946,2320,355
BURGLARY,BURGLARY BUSINESS AND COMMUNITY,Westminster,1747,1946,1981,2527,2580,1434,903,1451,1317,1776,254
BURGLARY,BURGLARY IN A DWELLING,Westminster,1406,1273,1531,1809,2049,1547,1365,1371,1336,223,0
DRUG OFFENCES,POSSESSION OF DRUGS,Westminster,1961,1961,2183,1834,3240,2984,2739,3236,2010,1824,273
DRUG OFFENCES,TRAFFICKING OF DRUGS,Westminster,145,120,131,81,98,196,163,294,250,377,64
FRAUD AND FORGERY,FRAUD AND FORGERY,Westminster,0,0,0,0,0,0,0,0,0,3,2
MISCELLANEOUS CRIMES AGAINST SOCIETY,MISC CRIMES AGAINST SOCIETY,Westminster,432,454,462,390,375,339,344,377,322,317,72
POSSESSION OF WEAPONS,POSSESSION OF WEAPONS,Westminster,264,359,473,461,469,294,324,410,381,280,37
PUBLIC ORDER OFFENCES,OTHER OFFENCES PUBLIC ORDER,Westminster,305,291,328,323,310,245,287,280,324,423,61
PUBLIC ORDER OFFENCES,PUBLIC FEAR ALARM OR DISTRESS,Westminster,1251,1540,2013,2030,2103,1815,2068,2237,2107,2045,276
PUBLIC ORDER OFFENCES,RACE OR RELIGIOUS AGG PUBLIC FEAR,Westminster,521,586,627,776,801,765,807,859,768,1026,122
PUBLIC ORDER OFFENCES,VIOLENT DISORDER,Westminster,4,2,3,9,5,42,23,6,14,9,1
ROBBERY,ROBBERY OF BUSINESS PROPERTY,Westminster,90,76,113,138,212,109,81,143,218,395,88
ROBBERY,ROBBERY OF PERSONAL PROPERTY,Westminster,1411,1747,2231,2989,4157,1996,2046,3037,3271,3354,520
SEXUAL OFFENCES,OTHER SEXUAL OFFENCES,Westminster,505,556,592,657,696,523,860,1106,859,1102,153
SEXUAL OFFENCES,RAPE,Westminster,190,243,273,321,287,266,358,335,319,376,63
THEFT,BICYCLE THEFT,Westminster,1196,1202,1225,1266,1520,1509,1349,1190,997,1009,120
THEFT,OTHER THEFT,Westminster,13658,12236,12622,15187,23337,9341,9774,20544,21097,18969,2581
THEFT,SHOPLIFTING,Westminster,3917,4161,4656,4594,4650,2639,2488,3533,4334,6471,1089
THEFT,THEFT FROM THE PERSON,Westminster,6071,5920,8603,10415,15621,6472,7371,17506,20371,32622,5430
VEHICLE OFFENCES,AGGRAVATED VEHICLE TAKING,Westminster,18,22,31,14,21,10,10,12,8,11,2
VEHICLE OFFENCES,INTERFERING WITH A MOTOR VEHICLE,Westminster,346,431,494,447,495,393,250,313,261,259,40
VEHICLE OFFENCES,THEFT FROM A VEHICLE,Westminster,1959,2494,2889,3005,3453,2708,2602,3120,2819,3340,592
VEHICLE OFFENCES,THEFT OR UNAUTH TAKING OF A MOTOR VEH,Westminster,834,1048,935,735,669,595,531,609,495,613,96
VIOLENCE AGAINST THE PERSON,HOMICIDE,Westminster,5,3,3,3,4,5,5,6,2,7,0
VIOLENCE AGAINST THE PERSON,VIOLENCE WITH INJURY,Westminster,3266,3324,3568,3562,3940,2853,3392,3992,3486,3220,440
VIOLENCE AGAINST THE PERSON,VIOLENCE WITHOUT INJURY,Westminster,4595,5041,5729,6209,6792,5670,6435,6867,6097,7624,1194